{
	"credit": "Made with Blockbench",
	"texture_size": [32, 32],
	"textures": {
		"0": "./finch94",
		"particle": "./finch94"
	},
	"elements": [
		{
			"from": [6.5, 0, 8],
			"to": [9.5, 2, 8],
			"rotation": {"angle": 0, "axis": "y", "origin": [9, 1, 7.5]},
			"faces": {
				"north": {"uv": [8.5, 0, 10, 1], "texture": "#0"},
				"east": {"uv": [0, 4, 4, 5.5], "texture": "#0"},
				"south": {"uv": [8.5, 0, 10, 1], "texture": "#0"},
				"west": {"uv": [8, 4, 12, 5.5], "texture": "#0"},
				"up": {"uv": [4, 0, 8, 4], "rotation": 180, "texture": "#0"},
				"down": {"uv": [8, 0, 12, 4], "texture": "#0"}
			}
		},
		{
			"from": [6.5, 0, 7],
			"to": [9.5, 0, 8],
			"rotation": {"angle": 0, "axis": "y", "origin": [9, 1, 6.5]},
			"faces": {
				"north": {"uv": [1.5, 3, 3, 4], "texture": "#0"},
				"east": {"uv": [0, 4, 4, 5.5], "texture": "#0"},
				"south": {"uv": [1.5, 3, 3, 4], "texture": "#0"},
				"west": {"uv": [8, 4, 12, 5.5], "texture": "#0"},
				"up": {"uv": [8.5, 1, 10, 1.5], "rotation": 180, "texture": "#0"},
				"down": {"uv": [8.5, 1, 10, 1.5], "texture": "#0"}
			}
		},
		{
			"from": [7.5, 3.5, 6.25],
			"to": [8.5, 6, 8.25],
			"rotation": {"angle": 45, "axis": "x", "origin": [9.5, 6, 6.25]},
			"faces": {
				"north": {"uv": [1, 3, 1.5, 4.5], "rotation": 180, "texture": "#0"},
				"east": {"uv": [1.5, 3, 2.5, 4.5], "rotation": 180, "texture": "#0"},
				"south": {"uv": [2.5, 3, 3, 4.5], "rotation": 180, "texture": "#0"},
				"west": {"uv": [0, 3, 1, 4.5], "rotation": 180, "texture": "#0"},
				"up": {"uv": [1, 2, 1.5, 3], "texture": "#0"},
				"down": {"uv": [1.5, 2, 2, 3], "rotation": 180, "texture": "#0"}
			}
		},
		{
			"from": [6.5, 2.25, 6.5],
			"to": [9.5, 5.25, 9.5],
			"rotation": {"angle": 22.5, "axis": "x", "origin": [8.5, 5.25, 6.5]},
			"faces": {
				"north": {"uv": [5.5, 1.5, 7, 3], "texture": "#0"},
				"east": {"uv": [4, 1.5, 5.5, 3], "texture": "#0"},
				"south": {"uv": [10, 1.5, 8.5, 3], "texture": "#0"},
				"west": {"uv": [7, 1.5, 8.5, 3], "texture": "#0"},
				"up": {"uv": [5.5, 0, 7, 1.5], "texture": "#0"},
				"down": {"uv": [8.5, 0, 7, 1.5], "texture": "#0"}
			}
		},
		{
			"from": [6.5, 4.25, 9.5],
			"to": [9.5, 5.25, 11.5],
			"rotation": {"angle": 22.5, "axis": "x", "origin": [8.5, 5.25, 6.5]},
			"faces": {
				"north": {"uv": [4, 3, 5.5, 3.5], "texture": "#0"},
				"east": {"uv": [3, 3, 4, 3.5], "texture": "#0"},
				"south": {"uv": [6.5, 3, 8, 3.5], "texture": "#0"},
				"west": {"uv": [5.5, 3, 6.5, 3.5], "texture": "#0"},
				"up": {"uv": [4.5, 3.5, 5.5, 5], "rotation": 270, "texture": "#0"},
				"down": {"uv": [5.5, 5, 6.5, 3.5], "rotation": 90, "texture": "#0"}
			}
		},
		{
			"from": [6.5, 5.25, 11.5],
			"to": [9.5, 5.25, 13.5],
			"rotation": {"angle": 22.5, "axis": "x", "origin": [8.5, 5.25, 6.5]},
			"faces": {
				"north": {"uv": [2, 4, 3.5, 5.5], "texture": "#0"},
				"east": {"uv": [0, 4, 2, 5.5], "texture": "#0"},
				"south": {"uv": [5.5, 4, 7, 5.5], "texture": "#0"},
				"west": {"uv": [3.5, 4, 5.5, 5.5], "texture": "#0"},
				"up": {"uv": [3.5, 3.5, 4.5, 5], "rotation": 270, "texture": "#0"},
				"down": {"uv": [3.5, 5, 4.5, 3.5], "rotation": 90, "texture": "#0"}
			}
		},
		{
			"from": [7, 4, 4.25],
			"to": [9, 6, 6.25],
			"rotation": {"angle": 0, "axis": "y", "origin": [8, 1, 6.25]},
			"faces": {
				"north": {"uv": [1, 1, 2, 2], "texture": "#0"},
				"east": {"uv": [0, 1, 1, 2], "texture": "#0"},
				"south": {"uv": [3, 1, 4, 2], "texture": "#0"},
				"west": {"uv": [2, 1, 3, 2], "texture": "#0"},
				"up": {"uv": [1, 0, 2, 1], "rotation": 180, "texture": "#0"},
				"down": {"uv": [2, 0, 3, 1], "texture": "#0"}
			}
		},
		{
			"from": [8, 4, 3.25],
			"to": [8, 5, 4.25],
			"rotation": {"angle": 0, "axis": "y", "origin": [8, 1, 6.25]},
			"faces": {
				"north": {"uv": [4, 4, 8, 5.5], "texture": "#0"},
				"east": {"uv": [0.5, 0.5, 1, 1], "texture": "#0"},
				"south": {"uv": [12, 4, 16, 5.5], "texture": "#0"},
				"west": {"uv": [0.5, 0.5, 1, 1], "texture": "#0"},
				"up": {"uv": [4, 0, 8, 4], "rotation": 180, "texture": "#0"},
				"down": {"uv": [8, 0, 12, 4], "texture": "#0"}
			}
		},
		{
			"from": [5.75, 4, 5],
			"to": [6.75, 6, 9],
			"rotation": {"angle": 45, "axis": "x", "origin": [5.25, 3, 5]},
			"faces": {
				"north": {"uv": [12, 2, 12.5, 3], "texture": "#0"},
				"east": {"uv": [12, 2, 10, 3], "texture": "#0"},
				"south": {"uv": [12, 0.5, 12.5, 1.5], "texture": "#0"},
				"west": {"uv": [10, 0.5, 12, 1.5], "texture": "#0"},
				"up": {"uv": [10, 0, 12, 0.5], "rotation": 90, "texture": "#0"},
				"down": {"uv": [10, 1.5, 12, 2], "rotation": 270, "texture": "#0"}
			}
		},
		{
			"from": [9.25, 4, 5],
			"to": [10.25, 6, 9],
			"rotation": {"angle": 45, "axis": "x", "origin": [8.75, 3, 5]},
			"faces": {
				"north": {"uv": [12, 2, 12.5, 3], "texture": "#0"},
				"east": {"uv": [12, 0.5, 10, 1.5], "texture": "#0"},
				"south": {"uv": [12, 0.5, 12.5, 1.5], "texture": "#0"},
				"west": {"uv": [10, 2, 12, 3], "texture": "#0"},
				"up": {"uv": [10, 0, 12, 0.5], "rotation": 90, "texture": "#0"},
				"down": {"uv": [10, 1.5, 12, 2], "rotation": 270, "texture": "#0"}
			}
		}
	],
	"display": {
		"thirdperson_righthand": {
			"rotation": [75, 1.5, -1],
			"translation": [0.5, 0, 19.75]
		},
		"thirdperson_lefthand": {
			"rotation": [75, 1.5, -1],
			"translation": [0.5, 0, 19.75]
		},
		"firstperson_righthand": {
			"rotation": [11, 60, 0],
			"translation": [0.5, 7.5, 1]
		},
		"firstperson_lefthand": {
			"rotation": [11, 60, 0],
			"translation": [0.5, 7.5, 1]
		},
		"ground": {
			"translation": [0, 4.5, 0]
		},
		"gui": {
			"rotation": [30, 135, 0],
			"translation": [-0.75, 8, 0],
			"scale": [1.8, 1.8, 1.8]
		},
		"head": {
			"translation": [0, 21.75, 0],
			"scale": [1.9, 1.9, 1.9]
		},
		"fixed": {
			"rotation": [-90, 0, 0],
			"translation": [0, 0, -15.25],
			"scale": [2, 2, 2]
		}
	},
	"groups": [
		{
			"name": "birds",
			"origin": [12, 15, 12],
			"color": 0,
			"children": [0, 1, 2, 3, 4, 5, 6, 7, 8, 9]
		}
	]
}