{
	"credit": "Made with Blockbench",
	"texture_size": [32, 32],
	"textures": {
		"0": "./finch94",
		"particle": "./finch94"
	},
	"elements": [
		{
			"from": [6.5, 0, 8],
			"to": [9.5, 1, 8],
			"rotation": {"angle": 0, "axis": "y", "origin": [9, 1, 7.5]},
			"faces": {
				"north": {"uv": [8.5, 5.5, 10, 6], "texture": "#0"},
				"east": {"uv": [0, 4, 4, 5.5], "texture": "#0"},
				"south": {"uv": [8.5, 5.5, 10, 6], "texture": "#0"},
				"west": {"uv": [8, 4, 12, 5.5], "texture": "#0"},
				"up": {"uv": [4, 0, 8, 4], "rotation": 180, "texture": "#0"},
				"down": {"uv": [8, 0, 12, 4], "texture": "#0"}
			}
		},
		{
			"from": [6.5, 0, 7],
			"to": [9.5, 0, 8],
			"rotation": {"angle": 0, "axis": "y", "origin": [9, 1, 6.5]},
			"faces": {
				"north": {"uv": [1.5, 3, 3, 4], "texture": "#0"},
				"east": {"uv": [0, 4, 4, 5.5], "texture": "#0"},
				"south": {"uv": [1.5, 3, 3, 4], "texture": "#0"},
				"west": {"uv": [8, 4, 12, 5.5], "texture": "#0"},
				"up": {"uv": [8.5, 6, 10, 6.5], "rotation": 180, "texture": "#0"},
				"down": {"uv": [8.5, 6, 10, 6.5], "texture": "#0"}
			}
		},
		{
			"from": [7.5, 2.9, 7],
			"to": [8.5, 5.4, 9],
			"rotation": {"angle": 45, "axis": "x", "origin": [9.5, 5.4, 7]},
			"faces": {
				"north": {"uv": [1, 8, 1.5, 9.5], "rotation": 180, "texture": "#0"},
				"east": {"uv": [1.5, 8, 2.5, 9.5], "rotation": 180, "texture": "#0"},
				"south": {"uv": [2.5, 8, 3, 9.5], "rotation": 180, "texture": "#0"},
				"west": {"uv": [0, 8, 1, 9.5], "rotation": 180, "texture": "#0"},
				"up": {"uv": [1, 7, 1.5, 8], "texture": "#0"},
				"down": {"uv": [1.5, 7, 2, 8], "rotation": 180, "texture": "#0"}
			}
		},
		{
			"from": [6.5, 1, 6],
			"to": [9.5, 4, 9],
			"rotation": {"angle": 0, "axis": "x", "origin": [8.5, 4, 6]},
			"faces": {
				"north": {"uv": [5.5, 6.5, 7, 8], "texture": "#0"},
				"east": {"uv": [4, 6.5, 5.5, 8], "texture": "#0"},
				"south": {"uv": [10, 6.5, 8.5, 8], "texture": "#0"},
				"west": {"uv": [7, 6.5, 8.5, 8], "texture": "#0"},
				"up": {"uv": [5.5, 5, 7, 6.5], "rotation": 180, "texture": "#0"},
				"down": {"uv": [8.5, 5, 7, 6.5], "texture": "#0"}
			}
		},
		{
			"from": [7, 2, 9],
			"to": [9, 3, 11],
			"rotation": {"angle": 45, "axis": "x", "origin": [7.5, 3, 9]},
			"faces": {
				"north": {"uv": [13, 6, 14, 6.5], "texture": "#0"},
				"east": {"uv": [12, 6, 13, 6.5], "texture": "#0"},
				"south": {"uv": [11, 6, 12, 6.5], "texture": "#0"},
				"west": {"uv": [10, 6, 11, 6.5], "texture": "#0"},
				"up": {"uv": [11, 5, 12, 6], "rotation": 270, "texture": "#0"},
				"down": {"uv": [12, 6, 13, 5], "rotation": 90, "texture": "#0"}
			}
		},
		{
			"from": [7, 3.5, 5],
			"to": [9, 5.5, 7],
			"rotation": {"angle": 0, "axis": "y", "origin": [8, 0.5, 7]},
			"faces": {
				"north": {"uv": [1, 6, 2, 7], "texture": "#0"},
				"east": {"uv": [0, 6, 1, 7], "texture": "#0"},
				"south": {"uv": [3, 6, 4, 7], "texture": "#0"},
				"west": {"uv": [2, 6, 3, 7], "texture": "#0"},
				"up": {"uv": [1, 5, 2, 6], "rotation": 180, "texture": "#0"},
				"down": {"uv": [2, 5, 3, 6], "texture": "#0"}
			}
		},
		{
			"from": [8, 3.5, 4],
			"to": [8, 4.5, 5],
			"rotation": {"angle": 0, "axis": "y", "origin": [8, 0.5, 7]},
			"faces": {
				"north": {"uv": [4, 4, 8, 5.5], "texture": "#0"},
				"east": {"uv": [0.5, 5.5, 1, 6], "texture": "#0"},
				"south": {"uv": [12, 4, 16, 5.5], "texture": "#0"},
				"west": {"uv": [0.5, 5.5, 1, 6], "texture": "#0"},
				"up": {"uv": [4, 0, 8, 4], "rotation": 180, "texture": "#0"},
				"down": {"uv": [8, 0, 12, 4], "texture": "#0"}
			}
		},
		{
			"from": [6.25, 2.75, 5.5],
			"to": [6.25, 4.75, 8.5],
			"rotation": {"angle": 22.5, "axis": "x", "origin": [5.75, 1.75, 5.5]},
			"faces": {
				"north": {"uv": [12, 2, 12.5, 3], "texture": "#0"},
				"east": {"uv": [4.5, 8, 3, 9], "texture": "#0"},
				"south": {"uv": [12, 0.5, 12.5, 1.5], "texture": "#0"},
				"west": {"uv": [3, 8, 4.5, 9], "texture": "#0"},
				"up": {"uv": [10, 0, 12, 0.5], "rotation": 90, "texture": "#0"},
				"down": {"uv": [10, 1.5, 12, 2], "rotation": 270, "texture": "#0"}
			}
		},
		{
			"from": [9.75, 2.75, 5.5],
			"to": [9.75, 4.75, 8.5],
			"rotation": {"angle": 22.5, "axis": "x", "origin": [8.25, 1.75, 5.5]},
			"faces": {
				"north": {"uv": [12, 2, 12.5, 3], "texture": "#0"},
				"east": {"uv": [4.5, 8, 3, 9], "texture": "#0"},
				"south": {"uv": [12, 0.5, 12.5, 1.5], "texture": "#0"},
				"west": {"uv": [3, 8, 4.5, 9], "texture": "#0"},
				"up": {"uv": [10, 0, 12, 0.5], "rotation": 90, "texture": "#0"},
				"down": {"uv": [10, 1.5, 12, 2], "rotation": 270, "texture": "#0"}
			}
		}
	],
	"display": {
		"thirdperson_righthand": {
			"rotation": [75, 1.5, -1],
			"translation": [0.5, 0, 19.75]
		},
		"thirdperson_lefthand": {
			"rotation": [75, 1.5, -1],
			"translation": [0.5, 0, 19.75]
		},
		"firstperson_righthand": {
			"rotation": [11, 60, 0],
			"translation": [0.5, 7.5, 1]
		},
		"firstperson_lefthand": {
			"rotation": [11, 60, 0],
			"translation": [0.5, 7.5, 1]
		},
		"ground": {
			"translation": [0, 4.5, 0]
		},
		"gui": {
			"rotation": [30, 135, 0],
			"translation": [0.5, 9.75, 0],
			"scale": [2, 2, 2]
		},
		"head": {
			"translation": [0, 21.75, 0],
			"scale": [1.9, 1.9, 1.9]
		},
		"fixed": {
			"rotation": [-90, 0, 0],
			"translation": [0, 2, -15.25],
			"scale": [2, 2, 2]
		}
	},
	"groups": [
		{
			"name": "birds",
			"origin": [12, 15, 12],
			"color": 0,
			"children": [0, 1, 2, 3, 4, 5, 6, 7, 8]
		}
	]
}