{
	"credit": "Made with Blockbench",
	"texture_size": [32, 32],
	"textures": {
		"0": "./spekul",
		"particle": "./spekul"
	},
	"elements": [
		{
			"from": [2, 7.5, 2],
			"to": [14, 7.5, 14],
			"rotation": {"angle": 0, "axis": "y", "origin": [10, 15, 10]},
			"faces": {
				"north": {"uv": [4, 4, 8, 5.5], "texture": "#0"},
				"east": {"uv": [0, 4, 4, 5.5], "texture": "#0"},
				"south": {"uv": [12, 4, 16, 5.5], "texture": "#0"},
				"west": {"uv": [8, 4, 12, 5.5], "texture": "#0"},
				"up": {"uv": [0, 5.5, 6, 11.5], "rotation": 180, "texture": "#0"},
				"down": {"uv": [12, 5.5, 6, 11.5], "texture": "#0"}
			}
		},
		{
			"from": [4, 7.5, 4],
			"to": [12, 9.5, 12],
			"rotation": {"angle": 0, "axis": "y", "origin": [12, 15, 12]},
			"faces": {
				"north": {"uv": [4, 4, 8, 5], "texture": "#0"},
				"east": {"uv": [0, 4, 4, 5], "texture": "#0"},
				"south": {"uv": [12, 4, 16, 5], "texture": "#0"},
				"west": {"uv": [8, 4, 12, 5], "texture": "#0"},
				"up": {"uv": [4, 0, 8, 4], "rotation": 180, "texture": "#0"}
			}
		},
		{
			"from": [4.5, 1.75, 4.5],
			"to": [11.5, 7, 11.5],
			"rotation": {"angle": 0, "axis": "y", "origin": [12, 15, 12]},
			"faces": {
				"north": {"uv": [4, 11.5, 8, 14.5], "texture": "#0"},
				"east": {"uv": [0, 11.5, 4, 14.5], "texture": "#0"},
				"south": {"uv": [12, 11.5, 16, 14.5], "texture": "#0"},
				"west": {"uv": [8, 11.5, 12, 14.5], "texture": "#0"},
				"down": {"uv": [12, 7.5, 16, 11.5], "texture": "#0"}
			}
		},
		{
			"from": [4, 1.25, 4.25],
			"to": [12, 7.25, 4.25],
			"rotation": {"angle": 0, "axis": "y", "origin": [12, 15, 12]},
			"faces": {
				"north": {"uv": [0, 0, 4, 3], "texture": "#0"},
				"east": {"uv": [0, 11.5, 4, 14.5], "texture": "#0"},
				"south": {"uv": [4, 0, 0, 3], "texture": "#0"},
				"west": {"uv": [8, 11.5, 12, 14.5], "texture": "#0"},
				"down": {"uv": [12, 7.5, 16, 11.5], "texture": "#0"}
			}
		},
		{
			"from": [11.5, 1.75, 4.5],
			"to": [4.5, 7, 11.5],
			"rotation": {"angle": 0, "axis": "y", "origin": [12, 15, 12]},
			"faces": {
				"north": {"uv": [8, 11.5, 4, 14.5], "texture": "#0"},
				"east": {"uv": [12, 11.5, 8, 14.5], "texture": "#0"},
				"south": {"uv": [12, 11.5, 16, 14.5], "texture": "#0"},
				"west": {"uv": [4, 11.5, 0, 14.5], "texture": "#0"},
				"down": {"uv": [16, 7.5, 12, 11.5], "texture": "#0"}
			}
		}
	],
	"display": {
		"thirdperson_righthand": {
			"rotation": [-9, 0, -16],
			"translation": [0.25, 0.75, 1.25]
		},
		"thirdperson_lefthand": {
			"rotation": [-9, 0, -16],
			"translation": [0.25, 0.75, 1.25]
		},
		"firstperson_righthand": {
			"rotation": [-50, 0, 0],
			"translation": [1.25, 0, 0]
		},
		"firstperson_lefthand": {
			"rotation": [-50, 0, 0],
			"translation": [1.25, 0, 0]
		},
		"ground": {
			"translation": [0, 3.5, 0]
		},
		"gui": {
			"rotation": [30, 132, 0],
			"translation": [0, 2, 0],
			"scale": [0.87, 0.87, 0.87]
		},
		"head": {
			"translation": [0, 5.25, 0],
			"scale": [1.9, 1.9, 1.9]
		},
		"fixed": {
			"rotation": [-90, 0, 0],
			"translation": [0, 0, -10],
			"scale": [1.58, 1.58, 1.58]
		}
	}
}