{
	"credit": "Made with Blockbench",
	"texture_size": [32, 32],
	"textures": {
		"0": "./cockswain",
		"particle": "./cockswain"
	},
	"elements": [
		{
			"from": [2, 6, 2],
			"to": [14, 7, 14],
			"rotation": {"angle": 0, "axis": "y", "origin": [10, 15, 10]},
			"faces": {
				"north": {"uv": [0, 12, 6, 12.5], "texture": "#0"},
				"east": {"uv": [12, 12, 6, 12.5], "texture": "#0"},
				"south": {"uv": [0, 13.5, 6, 14], "texture": "#0"},
				"west": {"uv": [6, 12, 12, 12.5], "texture": "#0"},
				"up": {"uv": [0, 6, 6, 12], "rotation": 180, "texture": "#0"},
				"down": {"uv": [12, 6, 6, 12], "texture": "#0"}
			}
		},
		{
			"from": [2, 4, 2],
			"to": [14, 6, 14],
			"rotation": {"angle": 0, "axis": "y", "origin": [10, 15, 10]},
			"faces": {
				"east": {"uv": [12, 12.5, 6, 13.5], "texture": "#0"},
				"south": {"uv": [0, 12.5, 6, 13.5], "texture": "#0"},
				"west": {"uv": [6, 12.5, 12, 13.5], "texture": "#0"}
			}
		},
		{
			"from": [14, 4, 2],
			"to": [2, 6, 14],
			"rotation": {"angle": 0, "axis": "y", "origin": [10, 15, 10]},
			"faces": {
				"east": {"uv": [12, 12.5, 6, 13.5], "texture": "#0"},
				"south": {"uv": [0, 12.5, 6, 13.5], "texture": "#0"},
				"west": {"uv": [6, 12.5, 12, 13.5], "texture": "#0"}
			}
		},
		{
			"from": [4, 7, 4],
			"to": [12, 11, 12],
			"rotation": {"angle": 0, "axis": "y", "origin": [12, 15, 12]},
			"faces": {
				"north": {"uv": [4, 4, 8, 6], "texture": "#0"},
				"east": {"uv": [0, 4, 4, 6], "texture": "#0"},
				"south": {"uv": [12, 4, 16, 6], "texture": "#0"},
				"west": {"uv": [8, 4, 12, 6], "texture": "#0"},
				"up": {"uv": [4, 0, 8, 4], "rotation": 180, "texture": "#0"},
				"down": {"uv": [7, 7, 11, 11], "texture": "#0"}
			}
		},
		{
			"from": [4.75, 7, 2.625],
			"to": [7, 9.25, 3.75],
			"rotation": {"angle": 0, "axis": "y", "origin": [12, 15, 12]},
			"faces": {
				"north": {"uv": [12, 12, 13, 13], "texture": "#0"},
				"east": {"uv": [13, 12, 13.5, 13], "texture": "#0"},
				"west": {"uv": [13, 12, 13.5, 13], "texture": "#0"},
				"up": {"uv": [13.5, 12, 14, 13], "rotation": 180, "texture": "#0"}
			}
		},
		{
			"from": [9, 7, 2.625],
			"to": [11.25, 9.25, 3.75],
			"rotation": {"angle": 0, "axis": "y", "origin": [12, 15, 12]},
			"faces": {
				"north": {"uv": [12, 12, 13, 13], "texture": "#0"},
				"east": {"uv": [13, 12, 13.5, 13], "texture": "#0"},
				"west": {"uv": [13, 12, 13.5, 13], "texture": "#0"},
				"up": {"uv": [13.5, 12, 14, 13], "rotation": 180, "texture": "#0"}
			}
		},
		{
			"from": [3.75, 7, 3.75],
			"to": [12.25, 11.5, 12.25],
			"rotation": {"angle": 0, "axis": "y", "origin": [12, 15, 12]},
			"faces": {
				"north": {"uv": [12, 0, 16, 2], "texture": "#0"},
				"east": {"uv": [8, 0, 12, 2], "texture": "#0"},
				"south": {"uv": [0, 0, 4, 2], "texture": "#0"},
				"west": {"uv": [12, 0, 8, 2], "texture": "#0"}
			}
		}
	],
	"display": {
		"thirdperson_righthand": {
			"rotation": [-9, 0, -16],
			"translation": [0.25, -1, -4.5]
		},
		"thirdperson_lefthand": {
			"rotation": [-9, 0, -16],
			"translation": [0.25, -1, -4.5]
		},
		"firstperson_righthand": {
			"rotation": [-50, 0, 0],
			"translation": [1.25, -2, -2.75]
		},
		"firstperson_lefthand": {
			"rotation": [-50, 0, 0],
			"translation": [1.25, -2, -2.75]
		},
		"ground": {
			"translation": [0, -1, 0]
		},
		"gui": {
			"rotation": [30, 132, 0],
			"scale": [0.95, 0.95, 0.95]
		},
		"head": {
			"translation": [0, 5.25, 0],
			"scale": [1.9, 1.9, 1.9]
		},
		"fixed": {
			"rotation": [-90, 0, 0],
			"translation": [0, 0, -3],
			"scale": [1.58, 1.58, 1.58]
		}
	}
}