{
	"credit": "Made with Blockbench",
	"texture_size": [32, 32],
	"textures": {
		"0": "./pirate_tricorn",
		"particle": "./pirate_tricorn"
	},
	"elements": [
		{
			"from": [3, 8, 4],
			"to": [13, 9, 12],
			"rotation": {"angle": 0, "axis": "y", "origin": [11, 17, 12]},
			"faces": {
				"north": {"uv": [4, 4, 9, 4.5], "texture": "#0"},
				"east": {"uv": [0, 4, 4, 4.5], "texture": "#0"},
				"south": {"uv": [4, 4.5, 9, 5], "texture": "#0"},
				"west": {"uv": [4, 4.5, 0, 5], "texture": "#0"},
				"up": {"uv": [4, 0, 9, 4], "rotation": 180, "texture": "#0"},
				"down": {"uv": [4, 0, 9, 4], "texture": "#0"}
			}
		},
		{
			"from": [3, 9, 4],
			"to": [13, 14, 4],
			"rotation": {"angle": 0, "axis": "y", "origin": [11, 18, 12]},
			"faces": {
				"north": {"uv": [4, 5, 9, 7.5], "texture": "#0"},
				"east": {"uv": [0, 6.5, 4, 9], "texture": "#0"},
				"south": {"uv": [9, 5, 4, 7.5], "texture": "#0"},
				"west": {"uv": [0, 9, 4, 11.5], "texture": "#0"},
				"up": {"uv": [11.5, 0, 12, 0.5], "texture": "#0"},
				"down": {"uv": [10.5, 0, 11, 0.5], "texture": "#0"}
			}
		},
		{
			"from": [3, 9, 12],
			"to": [13, 14, 12],
			"rotation": {"angle": 0, "axis": "y", "origin": [11, 18, 20]},
			"faces": {
				"north": {"uv": [9, 8, 4, 10.5], "texture": "#0"},
				"east": {"uv": [0, 6.5, 4, 9], "texture": "#0"},
				"south": {"uv": [4, 8, 9, 10.5], "texture": "#0"},
				"west": {"uv": [0, 9, 4, 11.5], "texture": "#0"},
				"up": {"uv": [11.5, 0, 12, 0.5], "texture": "#0"},
				"down": {"uv": [10.5, 0, 11, 0.5], "texture": "#0"}
			}
		},
		{
			"from": [3, 9, 4],
			"to": [3, 14, 12],
			"rotation": {"angle": 0, "axis": "y", "origin": [11, 18, 12]},
			"faces": {
				"north": {"uv": [4, 9, 9, 11.5], "texture": "#0"},
				"east": {"uv": [0, 5, 4, 7.5], "texture": "#0"},
				"south": {"uv": [4, 9, 9, 11.5], "texture": "#0"},
				"west": {"uv": [4, 5, 0, 7.5], "texture": "#0"},
				"up": {"uv": [11.5, 0, 12, 0.5], "texture": "#0"},
				"down": {"uv": [10.5, 0, 11, 0.5], "texture": "#0"}
			}
		},
		{
			"from": [13, 9, 4],
			"to": [13, 14, 12],
			"rotation": {"angle": 0, "axis": "y", "origin": [21, 18, 12]},
			"faces": {
				"north": {"uv": [4, 9, 9, 11.5], "texture": "#0"},
				"east": {"uv": [0, 5, 4, 7.5], "texture": "#0"},
				"south": {"uv": [4, 9, 9, 11.5], "texture": "#0"},
				"west": {"uv": [4, 5, 0, 7.5], "texture": "#0"},
				"up": {"uv": [11.5, 0, 12, 0.5], "texture": "#0"},
				"down": {"uv": [10.5, 0, 11, 0.5], "texture": "#0"}
			}
		},
		{
			"from": [5, 9, 2],
			"to": [11, 14, 2],
			"rotation": {"angle": 0, "axis": "y", "origin": [14, 18, 11]},
			"faces": {
				"north": {"uv": [0, 0, 3, 2.5], "texture": "#0"},
				"east": {"uv": [0, 0, 0.5, 2.5], "texture": "#0"},
				"south": {"uv": [3, 0, 0, 2.5], "texture": "#0"},
				"west": {"uv": [3.5, 0, 4, 2.5], "texture": "#0"}
			}
		},
		{
			"from": [5, 9, 2],
			"to": [5, 14, 4],
			"rotation": {"angle": 0, "axis": "y", "origin": [14, 18, 11]},
			"faces": {
				"north": {"uv": [1, 0, 3, 2.5], "texture": "#0"},
				"east": {"uv": [4, 0, 3, 2.5], "texture": "#0"},
				"south": {"uv": [4, 0, 3, 2.5], "texture": "#0"},
				"west": {"uv": [3, 0, 4, 2.5], "texture": "#0"}
			}
		},
		{
			"from": [11, 9, 2],
			"to": [11, 14, 4],
			"rotation": {"angle": 0, "axis": "y", "origin": [18, 18, 11]},
			"faces": {
				"north": {"uv": [1, 0, 3, 2.5], "texture": "#0"},
				"east": {"uv": [4, 0, 3, 2.5], "texture": "#0"},
				"south": {"uv": [1, 0, 3, 2.5], "texture": "#0"},
				"west": {"uv": [3, 0, 4, 2.5], "texture": "#0"}
			}
		},
		{
			"from": [5, 8, 2],
			"to": [11, 9, 4],
			"rotation": {"angle": 0, "axis": "y", "origin": [14, 17, 11]},
			"faces": {
				"north": {"uv": [10, 1, 13, 1.5], "texture": "#0"},
				"east": {"uv": [9, 1, 10, 1.5], "texture": "#0"},
				"south": {"uv": [10, 1.5, 13, 2], "texture": "#0"},
				"west": {"uv": [9, 1.5, 10, 2], "texture": "#0"},
				"up": {"uv": [13, 0, 10, 1], "texture": "#0"},
				"down": {"uv": [10, 0, 13, 1], "texture": "#0"}
			}
		},
		{
			"from": [5, 9, 5],
			"to": [11, 12, 11],
			"rotation": {"angle": 0, "axis": "y", "origin": [13.5, 18, 13]},
			"faces": {
				"north": {"uv": [3, 14.5, 6, 16], "texture": "#0"},
				"east": {"uv": [6, 14.5, 9, 16], "texture": "#0"},
				"south": {"uv": [9, 14.5, 12, 16], "texture": "#0"},
				"west": {"uv": [0, 14.5, 3, 16], "texture": "#0"},
				"up": {"uv": [3, 11.5, 6, 14.5], "rotation": 180, "texture": "#0"}
			}
		},
		{
			"from": [13, 8, 7.05],
			"to": [16, 12, 7.05],
			"rotation": {"angle": 0, "axis": "y", "origin": [21, 17, 14.05]},
			"faces": {
				"north": {"uv": [9, 2, 10.5, 4], "texture": "#0"},
				"east": {"uv": [12, 2, 12.5, 2.5], "texture": "#0"},
				"south": {"uv": [10.5, 2, 9, 4], "texture": "#0"},
				"west": {"uv": [12, 2, 12.5, 2.5], "texture": "#0"},
				"up": {"uv": [12, 2, 12.5, 2.5], "texture": "#0"},
				"down": {"uv": [9, 9.5, 10.5, 11.5], "texture": "#0"}
			}
		},
		{
			"from": [0, 8, 7.05],
			"to": [3, 12, 7.05],
			"rotation": {"angle": 0, "axis": "y", "origin": [8, 17, 14.05]},
			"faces": {
				"north": {"uv": [10.5, 2, 9, 4], "texture": "#0"},
				"east": {"uv": [12, 2, 12.5, 2.5], "texture": "#0"},
				"south": {"uv": [9, 2, 10.5, 4], "texture": "#0"},
				"west": {"uv": [12, 2, 12.5, 2.5], "texture": "#0"},
				"up": {"uv": [12, 2, 12.5, 2.5], "texture": "#0"},
				"down": {"uv": [9, 9.5, 10.5, 11.5], "texture": "#0"}
			}
		},
		{
			"from": [13, 8, 11.05],
			"to": [16, 12, 11.05],
			"rotation": {"angle": 0, "axis": "y", "origin": [21, 17, 18.05]},
			"faces": {
				"north": {"uv": [14, 2, 12.5, 4], "texture": "#0"},
				"east": {"uv": [12, 2, 12.5, 2.5], "texture": "#0"},
				"south": {"uv": [12.5, 2, 14, 4], "texture": "#0"},
				"west": {"uv": [12, 2, 12.5, 2.5], "texture": "#0"},
				"up": {"uv": [12, 2, 12.5, 2.5], "texture": "#0"},
				"down": {"uv": [9, 9.5, 10.5, 11.5], "texture": "#0"}
			}
		},
		{
			"from": [0, 8, 11.05],
			"to": [3, 12, 11.05],
			"rotation": {"angle": 0, "axis": "y", "origin": [8, 17, 18.05]},
			"faces": {
				"north": {"uv": [12.5, 2, 14, 4], "texture": "#0"},
				"east": {"uv": [12, 2, 12.5, 2.5], "texture": "#0"},
				"south": {"uv": [14, 2, 12.5, 4], "texture": "#0"},
				"west": {"uv": [12, 2, 12.5, 2.5], "texture": "#0"},
				"up": {"uv": [12, 2, 12.5, 2.5], "texture": "#0"},
				"down": {"uv": [9, 9.5, 10.5, 11.5], "texture": "#0"}
			}
		},
		{
			"from": [13, 8, 7.05],
			"to": [16, 8, 11.05],
			"rotation": {"angle": 0, "axis": "y", "origin": [21, 17, 14.05]},
			"faces": {
				"north": {"uv": [9, 0, 10.5, 2.5], "texture": "#0"},
				"east": {"uv": [12, 2, 12.5, 2.5], "texture": "#0"},
				"south": {"uv": [10.5, 2.5, 12, 5], "texture": "#0"},
				"west": {"uv": [12, 2, 12.5, 2.5], "texture": "#0"},
				"up": {"uv": [14.5, 0, 13, 2], "texture": "#0"},
				"down": {"uv": [13, 0, 14.5, 2], "rotation": 180, "texture": "#0"}
			}
		},
		{
			"from": [0, 8, 7.05],
			"to": [3, 8, 11.05],
			"rotation": {"angle": 0, "axis": "y", "origin": [8, 17, 14.05]},
			"faces": {
				"north": {"uv": [9, 0, 10.5, 2.5], "texture": "#0"},
				"east": {"uv": [12, 2, 12.5, 2.5], "texture": "#0"},
				"south": {"uv": [10.5, 2.5, 12, 5], "texture": "#0"},
				"west": {"uv": [12, 2, 12.5, 2.5], "texture": "#0"},
				"up": {"uv": [14.5, 0, 13, 2], "rotation": 180, "texture": "#0"},
				"down": {"uv": [13, 0, 14.5, 2], "texture": "#0"}
			}
		}
	],
	"display": {
		"thirdperson_righthand": {
			"rotation": [12, -3, 0],
			"translation": [0, -0.25, -1.5]
		},
		"thirdperson_lefthand": {
			"rotation": [12, -3, 0],
			"translation": [0, -0.25, -1.5]
		},
		"firstperson_righthand": {
			"rotation": [-26, 5, 0],
			"translation": [0, -3, 0]
		},
		"firstperson_lefthand": {
			"rotation": [-26, 5, 0],
			"translation": [0, -3, 0]
		},
		"ground": {
			"translation": [0, -3.25, 0]
		},
		"gui": {
			"rotation": [30, 132, 0],
			"translation": [-0.5, -1.75, 0]
		},
		"head": {
			"translation": [0, 5.5, 1],
			"scale": [1.9, 1.9, 1.9]
		},
		"fixed": {
			"rotation": [-90, 0, 0],
			"scale": [1.58, 1.58, 1.58]
		}
	}
}