{
	"credit": "Made with Blockbench",
	"texture_size": [32, 32],
	"textures": {
		"0": "./pirate_bicorne"
	},
	"elements": [
		{
			"from": [3, 9, 4],
			"to": [13, 10, 12],
			"rotation": {"angle": 0, "axis": "y", "origin": [11, 17, 12]},
			"faces": {
				"north": {"uv": [4, 6.5, 9, 7], "texture": "#0"},
				"east": {"uv": [0, 6.5, 4, 7], "texture": "#0"},
				"south": {"uv": [9, 6.5, 14, 7], "texture": "#0"},
				"west": {"uv": [4, 6.5, 0, 7], "texture": "#0"},
				"up": {"uv": [4, 0, 9, 4], "texture": "#0"},
				"down": {"uv": [4, 0, 9, 4], "rotation": 180, "texture": "#0"}
			}
		},
		{
			"from": [3, 10, 12],
			"to": [13, 14, 12],
			"rotation": {"angle": 0, "axis": "y", "origin": [11, 18, 12]},
			"faces": {
				"north": {"uv": [9, 4.5, 14, 6.5], "texture": "#0"},
				"east": {"uv": [0, 6.5, 4, 8.5], "texture": "#0"},
				"south": {"uv": [9, 4.5, 14, 6.5], "texture": "#0"},
				"west": {"uv": [0, 8.5, 4, 10.5], "texture": "#0"},
				"up": {"uv": [11.5, 0, 12, 0.5], "texture": "#0"},
				"down": {"uv": [10.5, 0, 11, 0.5], "texture": "#0"}
			}
		},
		{
			"from": [3, 10, 4],
			"to": [13, 15, 4],
			"rotation": {"angle": 0, "axis": "y", "origin": [11, 18, 20]},
			"faces": {
				"north": {"uv": [4, 4, 9, 6.5], "texture": "#0"},
				"east": {"uv": [0, 6.5, 4, 8.5], "texture": "#0"},
				"south": {"uv": [9, 11.5, 4, 14], "texture": "#0"},
				"west": {"uv": [0, 8.5, 4, 10.5], "texture": "#0"},
				"up": {"uv": [11.5, 0, 12, 0.5], "texture": "#0"},
				"down": {"uv": [10.5, 0, 11, 0.5], "texture": "#0"}
			}
		},
		{
			"from": [6, 10, 14],
			"to": [10, 14, 14],
			"rotation": {"angle": 0, "axis": "y", "origin": [14, 18, 10]},
			"faces": {
				"north": {"uv": [3, 7, 1, 9], "texture": "#0"},
				"east": {"uv": [0, 0, 1, 2], "texture": "#0"},
				"south": {"uv": [1, 7, 3, 9], "texture": "#0"},
				"west": {"uv": [3, 0, 4, 2], "texture": "#0"},
				"up": {"uv": [0, 0, 0, 0], "texture": "#0"},
				"down": {"uv": [0, 0, 0, 0], "texture": "#0"}
			}
		},
		{
			"from": [6, 10, 12],
			"to": [6, 14, 14],
			"rotation": {"angle": 0, "axis": "y", "origin": [14, 18, 10]},
			"faces": {
				"north": {"uv": [1, 0, 3, 2], "texture": "#0"},
				"east": {"uv": [1, 7, 0, 9], "texture": "#0"},
				"south": {"uv": [1, 0, 3, 2], "texture": "#0"},
				"west": {"uv": [0, 7, 1, 9], "texture": "#0"},
				"up": {"uv": [0, 0, 0, 0], "texture": "#0"},
				"down": {"uv": [0, 0, 0, 0], "texture": "#0"}
			}
		},
		{
			"from": [10, 10, 12],
			"to": [10, 14, 14],
			"rotation": {"angle": 0, "axis": "y", "origin": [18, 18, 10]},
			"faces": {
				"north": {"uv": [1, 0, 3, 2], "texture": "#0"},
				"east": {"uv": [3, 7, 4, 9], "texture": "#0"},
				"south": {"uv": [1, 0, 3, 2], "texture": "#0"},
				"west": {"uv": [4, 7, 3, 9], "texture": "#0"},
				"up": {"uv": [0, 0, 0, 0], "texture": "#0"},
				"down": {"uv": [0, 0, 0, 0], "texture": "#0"}
			}
		},
		{
			"from": [3, 10, 4],
			"to": [3, 15, 12],
			"rotation": {"angle": 0, "axis": "y", "origin": [11, 18, 12]},
			"faces": {
				"north": {"uv": [1, 0, 3, 2], "texture": "#0"},
				"east": {"uv": [0, 4, 4, 6.5], "texture": "#0"},
				"south": {"uv": [1, 0, 3, 2], "texture": "#0"},
				"west": {"uv": [4, 4, 0, 6.5], "texture": "#0"},
				"up": {"uv": [0, 0, 0, 0], "texture": "#0"},
				"down": {"uv": [0, 0, 0, 0], "texture": "#0"}
			}
		},
		{
			"from": [13, 10, 4],
			"to": [13, 15, 12],
			"rotation": {"angle": 0, "axis": "y", "origin": [11, 18, 12]},
			"faces": {
				"north": {"uv": [1, 0, 3, 2], "texture": "#0"},
				"east": {"uv": [0, 4, 4, 6.5], "texture": "#0"},
				"south": {"uv": [1, 0, 3, 2], "texture": "#0"},
				"west": {"uv": [4, 4, 0, 6.5], "texture": "#0"},
				"up": {"uv": [0, 0, 0, 0], "texture": "#0"},
				"down": {"uv": [0, 0, 0, 0], "texture": "#0"}
			}
		},
		{
			"from": [6, 9, 12],
			"to": [10, 10, 14],
			"rotation": {"angle": 0, "axis": "y", "origin": [14, 17, 10]},
			"faces": {
				"north": {"uv": [5.5, 4.5, 7.5, 5], "texture": "#0"},
				"east": {"uv": [3, 9, 4, 9.5], "texture": "#0"},
				"south": {"uv": [1, 9, 3, 9.5], "texture": "#0"},
				"west": {"uv": [0, 9, 1, 9.5], "texture": "#0"},
				"up": {"uv": [6, 7, 4, 8], "rotation": 180, "texture": "#0"},
				"down": {"uv": [4, 7, 6, 8], "texture": "#0"}
			}
		},
		{
			"from": [5, 10, 5],
			"to": [11, 13, 11],
			"rotation": {"angle": 0, "axis": "y", "origin": [13.5, 18, 13]},
			"faces": {
				"north": {"uv": [6, 10, 9, 11.5], "texture": "#0"},
				"east": {"uv": [12, 10, 9, 11.5], "texture": "#0"},
				"south": {"uv": [3, 10, 6, 11.5], "texture": "#0"},
				"west": {"uv": [9, 10, 12, 11.5], "texture": "#0"},
				"up": {"uv": [6, 7, 9, 10], "rotation": 180, "texture": "#0"}
			}
		},
		{
			"from": [0, 9, 5],
			"to": [3, 12, 5],
			"rotation": {"angle": 0, "axis": "y", "origin": [8, 16, 16.05]},
			"faces": {
				"north": {"uv": [0, 0, 1.5, 1.5], "texture": "#0"},
				"east": {"uv": [11, 2, 12.5, 4], "texture": "#0"},
				"south": {"uv": [1.5, 0, 0, 1.5], "texture": "#0"},
				"west": {"uv": [11.5, 0, 12, 0.5], "texture": "#0"},
				"up": {"uv": [11.5, 0, 12, 0.5], "texture": "#0"},
				"down": {"uv": [0, 2, 2, 3.5], "texture": "#0"}
			}
		},
		{
			"from": [13, 9, 5],
			"to": [16, 12, 5],
			"rotation": {"angle": 0, "axis": "y", "origin": [20, 16, 16.05]},
			"faces": {
				"north": {"uv": [1.5, 0, 0, 1.5], "texture": "#0"},
				"east": {"uv": [11, 2, 12.5, 4], "texture": "#0"},
				"south": {"uv": [0, 0, 1.5, 1.5], "texture": "#0"},
				"west": {"uv": [11.5, 0, 12, 0.5], "texture": "#0"},
				"up": {"uv": [11.5, 0, 12, 0.5], "texture": "#0"},
				"down": {"uv": [0, 2, 2, 3.5], "texture": "#0"}
			}
		}
	],
	"display": {
		"thirdperson_righthand": {
			"rotation": [-11, 8, 0],
			"translation": [0, -1.5, -0.5]
		},
		"thirdperson_lefthand": {
			"rotation": [-11, 8, 0],
			"translation": [0, -1.5, -0.5]
		},
		"firstperson_righthand": {
			"rotation": [-26, 12, 0],
			"translation": [0, -3.25, 0]
		},
		"firstperson_lefthand": {
			"rotation": [-26, 12, 0],
			"translation": [0, -3.25, 0]
		},
		"ground": {
			"translation": [0, -3, 0]
		},
		"gui": {
			"rotation": [30, 132, 0],
			"translation": [0, -3.25, 0]
		},
		"head": {
			"translation": [0, 3.5, -0.5],
			"scale": [1.9, 1.9, 1.9]
		},
		"fixed": {
			"rotation": [-90, 0, 0],
			"translation": [0, 0, 1.25],
			"scale": [1.58, 1.58, 1.58]
		}
	}
}