{
	"credit": "Made with Blockbench",
	"textures": {
		"0": "./brimstone",
		"particle": "./brimstone"
	},
	"elements": [
		{
			"from": [4.5, 5.5, 5],
			"to": [7.5, 8.5, 9],
			"rotation": {"angle": -45, "axis": "y", "origin": [4.5, 5.5, 5]},
			"faces": {
				"north": {"uv": [5.5, 0, 4, 1.5], "texture": "#0"},
				"east": {"uv": [2, 0, 0, 1.5], "texture": "#0"},
				"south": {"uv": [4, 0, 5.5, 1.5], "rotation": 270, "texture": "#0"},
				"west": {"uv": [0, 0, 2, 1.5], "texture": "#0"},
				"up": {"uv": [4, 0, 2, 1.5], "rotation": 270, "texture": "#0"},
				"down": {"uv": [5.5, 0, 7.5, 1.5], "rotation": 270, "texture": "#0"}
			}
		},
		{
			"from": [-0.25, 5, 7.75],
			"to": [2.75, 7, 9.75],
			"rotation": {"angle": 22.5, "axis": "y", "origin": [2.75, 5, 7.75]},
			"faces": {
				"north": {"uv": [0, 2, 1.5, 3], "texture": "#0"},
				"east": {"uv": [2.5, 2, 1.5, 3], "texture": "#0"},
				"south": {"uv": [1.5, 2, 0, 3], "texture": "#0"},
				"west": {"uv": [1.5, 2, 2.5, 3], "texture": "#0"},
				"up": {"uv": [1.5, 2, 0, 3], "texture": "#0"},
				"down": {"uv": [0, 2, 1.5, 3], "rotation": 180, "texture": "#0"}
			}
		},
		{
			"from": [13.25, 5, 7.75],
			"to": [16.25, 7, 9.75],
			"rotation": {"angle": -22.5, "axis": "y", "origin": [13.25, 5, 7.75]},
			"faces": {
				"north": {"uv": [1.5, 2, 0, 3], "texture": "#0"},
				"east": {"uv": [1.5, 2, 2.5, 3], "texture": "#0"},
				"south": {"uv": [0, 2, 1.5, 3], "texture": "#0"},
				"west": {"uv": [2.5, 2, 1.5, 3], "texture": "#0"},
				"up": {"uv": [0, 2, 1.5, 3], "texture": "#0"},
				"down": {"uv": [1.5, 2, 0, 3], "rotation": 180, "texture": "#0"}
			}
		},
		{
			"from": [8.5, 5.5, 5],
			"to": [11.5, 8.5, 9],
			"rotation": {"angle": 45, "axis": "y", "origin": [11.5, 5.5, 5]},
			"faces": {
				"north": {"uv": [5.5, 0, 4, 1.5], "rotation": 90, "texture": "#0"},
				"east": {"uv": [2, 0, 0, 1.5], "texture": "#0"},
				"south": {"uv": [4, 0, 5.5, 1.5], "texture": "#0"},
				"west": {"uv": [0, 0, 2, 1.5], "texture": "#0"},
				"up": {"uv": [2, 0, 4, 1.5], "rotation": 90, "texture": "#0"},
				"down": {"uv": [7.5, 0, 5.5, 1.5], "rotation": 90, "texture": "#0"}
			}
		},
		{
			"from": [-2.25, 6, 8.75],
			"to": [2.75, 9, 8.75],
			"rotation": {"angle": 22.5, "axis": "y", "origin": [2.75, 5, 7.75]},
			"faces": {
				"north": {"uv": [0, 3.5, 2.5, 5], "texture": "#0"},
				"east": {"uv": [3, 7, 7, 9], "texture": "#0"},
				"south": {"uv": [2.5, 3.5, 0, 5], "texture": "#0"},
				"west": {"uv": [10, 7, 14, 9], "texture": "#0"},
				"up": {"uv": [3, 4, 7, 6], "rotation": 270, "texture": "#0"},
				"down": {"uv": [7, 4, 11, 6], "rotation": 90, "texture": "#0"}
			}
		},
		{
			"from": [13.25, 6, 8.75],
			"to": [18.25, 9, 8.75],
			"rotation": {"angle": -22.5, "axis": "y", "origin": [13.25, 5, 7.75]},
			"faces": {
				"north": {"uv": [2.5, 3.5, 0, 5], "texture": "#0"},
				"east": {"uv": [3, 7, 7, 9], "texture": "#0"},
				"south": {"uv": [0, 3.5, 2.5, 5], "texture": "#0"},
				"west": {"uv": [10, 7, 14, 9], "texture": "#0"},
				"up": {"uv": [3, 4, 7, 6], "rotation": 270, "texture": "#0"},
				"down": {"uv": [7, 4, 11, 6], "rotation": 90, "texture": "#0"}
			}
		}
	],
	"display": {
		"thirdperson_righthand": {
			"rotation": [81, -180, 0],
			"translation": [0, 0.5, 2]
		},
		"thirdperson_lefthand": {
			"rotation": [81, -180, 0],
			"translation": [0, 0.5, 2]
		},
		"firstperson_righthand": {
			"rotation": [-22, -8, 0],
			"translation": [0, 4.25, 3.75]
		},
		"firstperson_lefthand": {
			"rotation": [-22, -8, 0],
			"translation": [0, 4.25, 3.75]
		},
		"ground": {
			"translation": [0, 0, 0.75]
		},
		"gui": {
			"rotation": [30, 132, 2],
			"translation": [-0.75, 1, 0]
		},
		"head": {
			"translation": [0, 6.65, 0],
			"scale": [1.9, 1.9, 1.9]
		},
		"fixed": {
			"rotation": [-90, 0, 0],
			"translation": [0, 0.75, -4.75],
			"scale": [1.58, 1.58, 1.58]
		}
	}
}