{
  "parent": "minecraft:item/handheld",
  "textures": { "layer0": "minecraft:item/blaze_rod" },
  "overrides": [
    {
      "predicate": { "custom_model_data": 1 },
      "model": "civilization:item/cosmetics/models/rocket_launcher/rocket_launcher"
    },
    {
      "predicate": { "custom_model_data": 2 },
      "model": "civilization:item/cosmetics/models/paintball_gun"
    },
    {
      "predicate": { "custom_model_data": 3 },
      "model": "civilization:item/cosmetics/models/snowball_blaster"
    },
    {
      "predicate": { "custom_model_data": 4 },
      "model": "civilization:item/cosmetics/models/sculk_blaster"
    },
    {
      "predicate": { "custom_model_data": 5 },
      "model": "civilization:item/cosmetics/models/aqua_blaster"
    },
    {
      "predicate": { "custom_model_data": 6 },
      "model": "civilization:item/cosmetics/models/flamethrower"
    },
    {
      "predicate": { "custom_model_data": 7 },
      "model": "civilization:item/tools/guardian_cannon/default"
    },
    {
      "predicate": { "custom_model_data": 8 },
      "model": "civilization:item/tools/harpoon_launcher/default"
    },
    {
      "predicate": { "custom_model_data": 9 },
      "model": "civilization:item/tools/horn_of_winter"
    },
    {
      "predicate": { "custom_model_data": 10 },
      "model": "civilization:item/tools/shrink_ray/normal/default"
    },
    {
      "predicate": { "custom_model_data": 11 },
      "model": "civilization:item/cosmetics/models/fart_gun"
    },
    {
      "predicate": { "custom_model_data": 12 },
      "model": "civilization:item/cosmetics/models/firework_gun"
    },
    {
      "predicate": { "custom_model_data": 13 },
      "model": "civilization:item/cosmetics/models/wind_charge_launcher"
    },
    {
      "predicate": { "custom_model_data": 14 },
      "model": "civilization:item/cosmetics/models/pumpkin_launcher"
    },
    {
      "predicate": { "custom_model_data": 15 },
      "model": "civilization:item/tools/shrink_ray/void_singularity/default"
    },
    {
      "predicate": { "custom_model_data": 16 },
      "model": "civilization:item/tools/frog_crossbow/default"
    },
    {
      "predicate": { "custom_model_data": 17},
      "model": "civilization:item/tools/soul_gauntlet"
    },
    {
      "predicate": { "custom_model_data": 18 },
      "model": "civilization:item/tools/ghastly_whistle"
    },
    {
      "predicate": { "custom_model_data": 19 },
      "model": "minecraft:item/blaze_rod"
    }
  ]
}
