{
  "parent": "item/generated",
  "textures": { "layer0": "item/crossbow_standby" },
  "display": {
    "thirdperson_righthand": {
      "rotation": [-90, 0, -60],
      "translation": [2, 0.1, -3],
      "scale": [0.9, 0.9, 0.9]
    },
    "thirdperson_lefthand": {
      "rotation": [-90, 0, 30],
      "translation": [2, 0.1, -3],
      "scale": [0.9, 0.9, 0.9]
    },
    "firstperson_righthand": {
      "rotation": [-90, 0, -55],
      "translation": [1.13, 3.2, 1.13],
      "scale": [0.68, 0.68, 0.68]
    },
    "firstperson_lefthand": {
      "rotation": [-90, 0, 35],
      "translation": [1.13, 3.2, 1.13],
      "scale": [0.68, 0.68, 0.68]
    }
  },
  "overrides": [
    { "predicate": { "pulling": 1 }, "model": "item/crossbow_pulling_0" },
    {
      "predicate": { "pulling": 1, "pull": 0.58 },
      "model": "item/crossbow_pulling_1"
    },
    {
      "predicate": { "pulling": 1, "pull": 1.0 },
      "model": "item/crossbow_pulling_2"
    },
    { "predicate": { "charged": 1 }, "model": "item/crossbow_arrow" },
    {
      "predicate": { "charged": 1, "firework": 1 },
      "model": "item/crossbow_firework"
    },
    {
      "predicate": { "custom_model_data": 1 },
      "model": "civilization:item/tools/sonic_crossbow/default"
    },
    {
      "predicate": { "pulling": 1, "custom_model_data": 1 },
      "model": "civilization:item/tools/sonic_crossbow/pulling/1"
    },
    {
      "predicate": { "pulling": 1, "custom_model_data": 1, "pull": 0.58 },
      "model": "civilization:item/tools/sonic_crossbow/pulling/2"
    },
    {
      "predicate": { "pulling": 1, "custom_model_data": 1, "pull": 1.0 },
      "model": "civilization:item/tools/sonic_crossbow/pulling/3"
    },
    {
      "predicate": { "charged": 1, "custom_model_data": 1 },
      "model": "civilization:item/tools/sonic_crossbow/pulling/4"
    },
    {
      "predicate": { "custom_model_data": 3 },
      "model": "civilization:item/tools/flaming_crossbow/default"
    },
    {
      "predicate": { "pulling": 1, "custom_model_data": 3 },
      "model": "civilization:item/tools/flaming_crossbow/pulling/0"
    },
    {
      "predicate": { "pulling": 1, "custom_model_data": 3, "pull": 0.58 },
      "model": "civilization:item/tools/flaming_crossbow/pulling/1"
    },
    {
      "predicate": { "pulling": 1, "custom_model_data": 3, "pull": 1.0 },
      "model": "civilization:item/tools/flaming_crossbow/pulling/2"
    },
    {
      "predicate": { "charged": 1, "custom_model_data": 3 },
      "model": "civilization:item/tools/flaming_crossbow/arrow"
    },
    {
      "predicate": { "custom_model_data": 4 },
      "model": "civilization:item/tools/corrupted_crossbow/default"
    },
    {
      "predicate": { "pulling": 1, "custom_model_data": 4 },
      "model": "civilization:item/tools/corrupted_crossbow/pulling/1"
    },
    {
      "predicate": { "pulling": 1, "custom_model_data": 4, "pull": 0.58 },
      "model": "civilization:item/tools/corrupted_crossbow/pulling/2"
    },
    {
      "predicate": { "pulling": 1, "custom_model_data": 4, "pull": 1.0 },
      "model": "civilization:item/tools/corrupted_crossbow/pulling/3"
    },
    {
      "predicate": { "charged": 1, "custom_model_data": 4 },
      "model": "civilization:item/tools/corrupted_crossbow/pulling/4"
    },
    {
      "predicate": { "custom_model_data": 5 },
      "model": "civilization:item/tools/armadillo_detonator/default"
    },
    {
      "predicate": { "pulling": 1, "custom_model_data": 5 },
      "model": "civilization:item/tools/armadillo_detonator/pulling/1"
    },
    {
      "predicate": { "pulling": 1, "custom_model_data": 5, "pull": 0.58 },
      "model": "civilization:item/tools/armadillo_detonator/pulling/2"
    },
    {
      "predicate": { "pulling": 1, "custom_model_data": 5, "pull": 1.0 },
      "model": "civilization:item/tools/armadillo_detonator/pulling/3"
    },
    {
      "predicate": { "charged": 1, "custom_model_data": 5 },
      "model": "civilization:item/tools/armadillo_detonator/pulling/4"
    },
    {
      "predicate": { "custom_model_data": 6 },
      "model": "civilization:item/tools/frog_crossbow/default"
    },
    {
      "predicate": { "pulling": 1, "custom_model_data": 6 },
      "model": "civilization:item/tools/frog_crossbow/pulling/1"
    },
    {
      "predicate": { "pulling": 1, "custom_model_data": 6, "pull": 0.58 },
      "model": "civilization:item/tools/frog_crossbow/pulling/2"
    },
    {
      "predicate": { "pulling": 1, "custom_model_data": 6, "pull": 1.0 },
      "model": "civilization:item/tools/frog_crossbow/pulling/3"
    },
    {
      "predicate": { "charged": 1, "custom_model_data": 6 },
      "model": "civilization:item/tools/frog_crossbow/pulling/4"
    }
  ]
}
