{
  "parent": "minecraft:item/handheld",
  "textures": { "layer0": "minecraft:item/diamond_pickaxe" },
  "overrides": [
    {
      "predicate": { "custom_model_data": 1 },
      "model": "civilization:item/tools/war_pickaxe/normal"
    },
    {
      "predicate": { "custom_model_data": 2 },
      "model": "civilization:item/tools/explosive_pickaxe"
    },
    {
      "predicate": { "custom_model_data": 3 },
      "model": "civilization:item/tools/war_pickaxe/talarian"
    },
    { "predicate": { "custom_model_data": 5 }, "model": "item/diamond_pickaxe" }
  ]
}
