{
  "parent": "minecraft:item/generated",
  "textures": { "layer0": "minecraft:item/enchanted_book" },
  "overrides": [
    {
      "predicate": { "custom_model_data": 1 },
      "model": "civilization:item/tools/grimoire"
    },
    {
      "predicate": { "custom_model_data": 2 },
      "model": "civilization:item/ui/invisible_item"
    },
    {
      "predicate": { "custom_model_data": 3 },
      "model": "civilization:item/tools/loyalty_book"
    },
    { "predicate": { "custom_model_data": 4 }, "model": "item/enchanted_book" }
  ]
}
