{
  "parent": "minecraft:item/handheld",
  "textures": { "layer0": "minecraft:item/stone_hoe" },
  "overrides": [
    {
      "predicate": { "custom_model_data": 1 },
      "model": "civilization:item/tools/farmer_hoe"
    },
    {
      "predicate": { "custom_model_data": 2 },
      "model": "civilization:item/tools/reaper_scythe"
    },
    {
      "predicate": { "custom_model_data": 3 },
      "model": "civilization:item/tools/wither_sickle"
    },
    { "predicate": { "custom_model_data": 6 }, "model": "item/stone_hoe" }
  ]
}
