{
	"credit": "Made with Blockbench",
	"texture_size": [32, 32],
	"textures": {
		"0": "./aravbegl",
		"particle": "./aravbegl"
	},
	"elements": [
		{
			"from": [4, 2, 4],
			"to": [12, 11, 12],
			"rotation": {"angle": 0, "axis": "y", "origin": [9, 15, 9]},
			"faces": {
				"north": {"uv": [4, 0, 8, 4.5], "texture": "#0"},
				"east": {"uv": [0, 0, 4, 4.5], "texture": "#0"},
				"south": {"uv": [12, 0, 16, 4.5], "texture": "#0"},
				"west": {"uv": [8, 0, 12, 4.5], "texture": "#0"},
				"up": {"uv": [0, 4.5, 4, 8.5], "rotation": 180, "texture": "#0"},
				"down": {"uv": [8, 4.5, 4, 8.5], "texture": "#0"}
			}
		},
		{
			"from": [12, 2, 4],
			"to": [4, 11, 12],
			"rotation": {"angle": 0, "axis": "y", "origin": [9, 15, 9]},
			"faces": {
				"north": {"uv": [8, 0, 4, 4.5], "texture": "#0"},
				"east": {"uv": [12, 0, 8, 4.5], "texture": "#0"},
				"south": {"uv": [16, 0, 12, 4.5], "texture": "#0"},
				"west": {"uv": [4, 0, 0, 4.5], "texture": "#0"},
				"up": {"uv": [0, 4.5, 4, 8.5], "rotation": 180, "texture": "#0"},
				"down": {"uv": [12, 8.5, 16, 12.5], "texture": "#0"}
			}
		},
		{
			"from": [3.5, -0.5, 3.5],
			"to": [12.5, 6, 12.5],
			"rotation": {"angle": 0, "axis": "y", "origin": [12, 15, 12]},
			"faces": {
				"north": {"uv": [4, 13, 8, 16], "texture": "#0"},
				"east": {"uv": [0, 13, 4, 16], "texture": "#0"},
				"south": {"uv": [12, 13, 16, 16], "texture": "#0"},
				"west": {"uv": [8, 13, 12, 16], "texture": "#0"},
				"down": {"uv": [12, 9, 16, 13], "texture": "#0"}
			}
		},
		{
			"from": [12.5, -0.5, 3.5],
			"to": [3.5, 6, 12.5],
			"rotation": {"angle": 0, "axis": "y", "origin": [12, 15, 12]},
			"faces": {
				"north": {"uv": [8, 13, 4, 16], "texture": "#0"},
				"east": {"uv": [12, 13, 8, 16], "texture": "#0"},
				"south": {"uv": [16, 13, 12, 16], "texture": "#0"},
				"west": {"uv": [4, 13, 0, 16], "texture": "#0"},
				"down": {"uv": [16, 9, 12, 13], "texture": "#0"}
			}
		}
	],
	"display": {
		"thirdperson_righthand": {
			"rotation": [-9, 0, 9],
			"translation": [-0.75, 1.75, -2.75]
		},
		"thirdperson_lefthand": {
			"rotation": [-9, 0, 9],
			"translation": [-0.75, 1.75, -2.75]
		},
		"firstperson_righthand": {
			"rotation": [-50, -6, 8],
			"translation": [1.25, 0, 0]
		},
		"firstperson_lefthand": {
			"rotation": [-50, -6, 8],
			"translation": [1.25, 0, 0]
		},
		"ground": {
			"translation": [0, 5.5, 0]
		},
		"gui": {
			"rotation": [30, 132, 0],
			"translation": [0, 2, 0],
			"scale": [0.93, 0.93, 0.93]
		},
		"head": {
			"translation": [0, 3.75, 0],
			"scale": [1.9, 1.9, 1.9]
		},
		"fixed": {
			"rotation": [-90, 0, 0],
			"translation": [0, 0, -13.5],
			"scale": [1.58, 1.58, 1.58]
		}
	}
}