{
	"credit": "Made with Blockbench",
	"texture_size": [32, 32],
	"textures": {
		"0": "./sherif",
		"particle": "./sherif"
	},
	"elements": [
		{
			"from": [1, 7, 1],
			"to": [15, 7, 15],
			"rotation": {"angle": 0, "axis": "y", "origin": [9, 15, 9]},
			"faces": {
				"north": {"uv": [0, 4.5, 4, 5.5], "texture": "#0"},
				"east": {"uv": [8, 4.5, 4, 5.5], "texture": "#0"},
				"south": {"uv": [8, 4.5, 12, 5.5], "texture": "#0"},
				"west": {"uv": [4, 4.5, 8, 5.5], "texture": "#0"},
				"up": {"uv": [0, 2.5, 7, 9.5], "rotation": 180, "texture": "#0"},
				"down": {"uv": [7, 2.5, 0, 9.5], "texture": "#0"}
			}
		},
		{
			"from": [5.5, 7, 3.5],
			"to": [10.5, 11, 3.5],
			"rotation": {"angle": 0, "axis": "y", "origin": [13.5, 15, 11.5]},
			"faces": {
				"north": {"uv": [2.5, 14, 0, 16], "texture": "#0"},
				"east": {"uv": [0, 4, 4, 5.5], "texture": "#0"},
				"south": {"uv": [0, 14, 2.5, 16], "texture": "#0"},
				"west": {"uv": [8, 4, 12, 5.5], "texture": "#0"},
				"up": {"uv": [0, 5.5, 6, 11.5], "rotation": 180, "texture": "#0"},
				"down": {"uv": [12, 5.5, 6, 11.5], "texture": "#0"}
			}
		},
		{
			"from": [1, 7, 1],
			"to": [1, 11, 15],
			"rotation": {"angle": 0, "axis": "y", "origin": [9, 15, 9]},
			"faces": {
				"north": {"uv": [4, 4, 8, 5.5], "texture": "#0"},
				"east": {"uv": [7, 9.5, 14, 11.5], "texture": "#0"},
				"south": {"uv": [12, 4, 16, 5.5], "texture": "#0"},
				"west": {"uv": [14, 9.5, 7, 11.5], "texture": "#0"},
				"up": {"uv": [0, 5.5, 6, 11.5], "rotation": 180, "texture": "#0"},
				"down": {"uv": [12, 5.5, 6, 11.5], "texture": "#0"}
			}
		},
		{
			"from": [15, 7, 1],
			"to": [15, 11, 15],
			"rotation": {"angle": 0, "axis": "y", "origin": [23, 15, 9]},
			"faces": {
				"north": {"uv": [4, 4, 8, 5.5], "texture": "#0"},
				"east": {"uv": [7, 9.5, 14, 11.5], "texture": "#0"},
				"south": {"uv": [12, 4, 16, 5.5], "texture": "#0"},
				"west": {"uv": [14, 9.5, 7, 11.5], "texture": "#0"},
				"up": {"uv": [0, 5.5, 6, 11.5], "rotation": 180, "texture": "#0"},
				"down": {"uv": [12, 5.5, 6, 11.5], "texture": "#0"}
			}
		},
		{
			"from": [1, 7, 1],
			"to": [15, 10, 1],
			"rotation": {"angle": 0, "axis": "y", "origin": [9, 15, 9]},
			"faces": {
				"north": {"uv": [0, 9.5, 7, 11], "texture": "#0"},
				"east": {"uv": [0, 4, 4, 5.5], "texture": "#0"},
				"south": {"uv": [7, 9.5, 0, 11], "texture": "#0"},
				"west": {"uv": [8, 4, 12, 5.5], "texture": "#0"},
				"up": {"uv": [0, 5.5, 6, 11.5], "rotation": 180, "texture": "#0"},
				"down": {"uv": [12, 5.5, 6, 11.5], "texture": "#0"}
			}
		},
		{
			"from": [4, 7, 4],
			"to": [12, 12, 12],
			"rotation": {"angle": 0, "axis": "y", "origin": [12, 15, 12]},
			"faces": {
				"north": {"uv": [0, 0, 4, 2.5], "texture": "#0"},
				"east": {"uv": [12, 0, 16, 2.5], "texture": "#0"},
				"south": {"uv": [8, 0, 12, 2.5], "texture": "#0"},
				"west": {"uv": [4, 0, 8, 2.5], "texture": "#0"},
				"up": {"uv": [7, 2.5, 11, 6.5], "rotation": 180, "texture": "#0"},
				"down": {"uv": [1.5, 4, 5.5, 8], "texture": "#0"}
			}
		}
	],
	"display": {
		"thirdperson_righthand": {
			"rotation": [-9, 0, -16],
			"translation": [0.25, -1.75, -3.75]
		},
		"thirdperson_lefthand": {
			"rotation": [-9, 0, -16],
			"translation": [0.25, -1.75, -3.75]
		},
		"firstperson_righthand": {
			"translation": [3.75, -3.75, -2.75]
		},
		"firstperson_lefthand": {
			"translation": [3.75, -3.75, -2.75]
		},
		"ground": {
			"translation": [0, -2, 0]
		},
		"gui": {
			"rotation": [30, 135, 0],
			"translation": [0, -0.25, 0],
			"scale": [0.77, 0.77, 0.77]
		},
		"head": {
			"translation": [0, 5, 0],
			"scale": [1.9, 1.9, 1.9]
		},
		"fixed": {
			"rotation": [-90, 0, 0],
			"translation": [0, 0, -1.75],
			"scale": [1.58, 1.58, 1.58]
		}
	}
}