{
	"credit": "Made with Blockbench",
	"texture_size": [32, 32],
	"textures": {
		"0": "./demopan",
		"particle": "./demopan"
	},
	"elements": [
		{
			"from": [4, 8, 4],
			"to": [12, 9, 12],
			"rotation": {"angle": 0, "axis": "y", "origin": [12, 16, 12]},
			"faces": {
				"north": {"uv": [0, 8.5, 4, 9], "texture": "#0"},
				"east": {"uv": [8, 8.5, 4, 9], "texture": "#0"},
				"south": {"uv": [1, 10.5, 5, 11], "texture": "#0"},
				"west": {"uv": [4, 8.5, 8, 9], "texture": "#0"},
				"up": {"uv": [1, 0, 5, 4], "rotation": 180, "texture": "#0"},
				"down": {"uv": [1, 0, 5, 4], "texture": "#0"}
			}
		},
		{
			"from": [5, 9, 5],
			"to": [11, 10, 11],
			"rotation": {"angle": 0, "axis": "y", "origin": [12, 16, 12]},
			"faces": {
				"north": {"uv": [6, 2.5, 9, 3], "texture": "#0"},
				"east": {"uv": [6.5, 0, 6, 3], "rotation": 270, "texture": "#0"},
				"south": {"uv": [6, 0, 9, 0.5], "rotation": 180, "texture": "#0"},
				"west": {"uv": [8.5, 0, 9, 3], "rotation": 90, "texture": "#0"},
				"up": {"uv": [6, 0, 9, 3], "rotation": 180, "texture": "#0"},
				"down": {"uv": [8, 0, 12, 4], "texture": "#0"}
			}
		},
		{
			"from": [6, 9, 4],
			"to": [10, 15, 10],
			"rotation": {"angle": 0, "axis": "y", "origin": [12, 16, 12]},
			"faces": {
				"north": {"uv": [9, 0, 11, 3], "texture": "#0"},
				"east": {"uv": [11, 0, 14, 3], "texture": "#0"},
				"south": {"uv": [9, 0, 11, 3], "texture": "#0"},
				"west": {"uv": [11, 0, 14, 3], "texture": "#0"},
				"up": {"uv": [9, 3, 11, 6], "rotation": 180, "texture": "#0"}
			}
		},
		{
			"from": [5.75, 11.5, 6.5],
			"to": [5.75, 13.5, 7.5],
			"rotation": {"angle": 0, "axis": "y", "origin": [12, 16, 12]},
			"faces": {
				"north": {"uv": [10.5, 1, 11, 2], "texture": "#0"},
				"east": {"uv": [11.5, 3, 12, 4], "texture": "#0"},
				"south": {"uv": [9, 1.5, 9.5, 2.5], "texture": "#0"},
				"west": {"uv": [11, 3, 11.5, 4], "texture": "#0"},
				"up": {"uv": [10.5, 1, 11, 1.5], "rotation": 180, "texture": "#0"},
				"down": {"uv": [13.5, 2, 14, 2.5], "texture": "#0"}
			}
		},
		{
			"from": [4, 9, 4],
			"to": [4, 12, 9],
			"rotation": {"angle": 0, "axis": "y", "origin": [12, 16, 12]},
			"faces": {
				"north": {"uv": [4, 4, 8, 5], "texture": "#0"},
				"east": {"uv": [6.5, 7, 3.5, 8.5], "texture": "#0"},
				"south": {"uv": [12, 4, 16, 5], "texture": "#0"},
				"west": {"uv": [3.5, 7, 6.5, 8.5], "texture": "#0"},
				"up": {"uv": [4, 0, 8, 4], "texture": "#0"},
				"down": {"uv": [8, 0, 12, 4], "texture": "#0"}
			}
		},
		{
			"from": [12, 9, 4],
			"to": [12, 12, 9],
			"rotation": {"angle": 0, "axis": "y", "origin": [12, 16, 12]},
			"faces": {
				"north": {"uv": [4, 4, 8, 5], "texture": "#0"},
				"east": {"uv": [6.5, 7, 3.5, 8.5], "texture": "#0"},
				"south": {"uv": [12, 4, 16, 5], "texture": "#0"},
				"west": {"uv": [3.5, 7, 6.5, 8.5], "texture": "#0"},
				"up": {"uv": [4, 0, 8, 4], "texture": "#0"},
				"down": {"uv": [8, 0, 12, 4], "texture": "#0"}
			}
		},
		{
			"from": [4, 9, 4],
			"to": [12, 12, 4],
			"rotation": {"angle": 0, "axis": "y", "origin": [12, 16, 12]},
			"faces": {
				"north": {"uv": [0, 7, 4, 8.5], "texture": "#0"},
				"east": {"uv": [0, 4, 4, 5], "texture": "#0"},
				"south": {"uv": [0, 7, 4, 8.5], "texture": "#0"},
				"west": {"uv": [8, 4, 12, 5], "texture": "#0"},
				"up": {"uv": [4, 0, 8, 4], "texture": "#0"},
				"down": {"uv": [8, 0, 12, 4], "texture": "#0"}
			}
		},
		{
			"from": [2, 9, 12],
			"to": [14, 12, 12],
			"rotation": {"angle": 0, "axis": "y", "origin": [12, 16, 12]},
			"faces": {
				"north": {"uv": [6, 9, 0, 10.5], "texture": "#0"},
				"east": {"uv": [0, 4, 4, 5], "texture": "#0"},
				"south": {"uv": [0, 9, 6, 10.5], "texture": "#0"},
				"west": {"uv": [0, 9, 6, 10.5], "texture": "#0"},
				"up": {"uv": [4, 0, 8, 4], "texture": "#0"},
				"down": {"uv": [8, 0, 12, 4], "texture": "#0"}
			}
		},
		{
			"from": [6, 8, 2],
			"to": [10, 9, 4],
			"rotation": {"angle": 0, "axis": "y", "origin": [14, 16.5, 11]},
			"faces": {
				"north": {"uv": [1, 6.5, 3, 7], "texture": "#0"},
				"east": {"uv": [0, 6.5, 1, 7], "texture": "#0"},
				"west": {"uv": [3, 6.5, 4, 7], "texture": "#0"},
				"up": {"uv": [2, 4, 4, 5], "rotation": 180, "texture": "#0"},
				"down": {"uv": [2, 4, 4, 5], "texture": "#0"}
			}
		},
		{
			"from": [6, 9, 2],
			"to": [6, 12, 4],
			"rotation": {"angle": 0, "axis": "y", "origin": [14, 16.5, 11]},
			"faces": {
				"north": {"uv": [1, 6.5, 3, 8], "texture": "#0"},
				"east": {"uv": [0, 5, 1, 6.5], "texture": "#0"},
				"south": {"uv": [4, 6.5, 6, 8], "texture": "#0"},
				"west": {"uv": [3, 5, 4, 6.5], "texture": "#0"},
				"up": {"uv": [1, 5.5, 3, 6.5], "texture": "#0"},
				"down": {"uv": [1, 7, 3, 8], "texture": "#0"}
			}
		},
		{
			"from": [10, 9, 2],
			"to": [10, 12, 4],
			"rotation": {"angle": 0, "axis": "y", "origin": [14, 16.5, 11]},
			"faces": {
				"north": {"uv": [1, 6.5, 3, 8], "texture": "#0"},
				"east": {"uv": [0, 5, 1, 6.5], "texture": "#0"},
				"south": {"uv": [4, 6.5, 6, 8], "texture": "#0"},
				"west": {"uv": [3, 5, 4, 6.5], "texture": "#0"},
				"up": {"uv": [1, 5.5, 3, 6.5], "texture": "#0"},
				"down": {"uv": [1, 7, 3, 8], "texture": "#0"}
			}
		},
		{
			"from": [6, 9, 2],
			"to": [10, 12, 2],
			"rotation": {"angle": 0, "axis": "y", "origin": [14, 16.5, 11]},
			"faces": {
				"north": {"uv": [1, 5, 3, 6.5], "texture": "#0"},
				"east": {"uv": [0, 6.5, 1, 8], "texture": "#0"},
				"south": {"uv": [1, 5, 3, 6.5], "texture": "#0"},
				"west": {"uv": [3, 6.5, 4, 8], "texture": "#0"},
				"up": {"uv": [1, 5.5, 3, 6.5], "texture": "#0"},
				"down": {"uv": [1, 7, 3, 8], "texture": "#0"}
			}
		},
		{
			"from": [4, 3.5, 4],
			"to": [12, 8.5, 4],
			"rotation": {"angle": 0, "axis": "y", "origin": [14, 16.5, 11]},
			"faces": {
				"north": {"uv": [0, 13.5, 4, 16], "texture": "#0"},
				"east": {"uv": [0, 6.5, 1, 8], "texture": "#0"},
				"south": {"uv": [0, 13.5, 4, 16], "texture": "#0"},
				"west": {"uv": [3, 6.5, 4, 8], "texture": "#0"},
				"up": {"uv": [1, 5.5, 3, 6.5], "texture": "#0"},
				"down": {"uv": [1, 7, 3, 8], "texture": "#0"}
			}
		},
		{
			"from": [4, 3.5, 4],
			"to": [4, 8.5, 12],
			"rotation": {"angle": 0, "axis": "y", "origin": [14, 16.5, 11]},
			"faces": {
				"north": {"uv": [1.5, 5.5, 3.5, 7.5], "texture": "#0"},
				"east": {"uv": [8, 13.5, 4, 16], "texture": "#0"},
				"south": {"uv": [1.5, 5.5, 3.5, 7.5], "texture": "#0"},
				"west": {"uv": [4, 13.5, 8, 16], "texture": "#0"},
				"up": {"uv": [1, 5.5, 3, 6.5], "texture": "#0"},
				"down": {"uv": [1, 7, 3, 8], "texture": "#0"}
			}
		},
		{
			"from": [12, 3.5, 4],
			"to": [12, 8.5, 12],
			"rotation": {"angle": 0, "axis": "y", "origin": [14, 16.5, 11]},
			"faces": {
				"north": {"uv": [1.5, 5.5, 3.5, 7.5], "texture": "#0"},
				"east": {"uv": [8, 13.5, 4, 16], "texture": "#0"},
				"south": {"uv": [1.5, 5.5, 3.5, 7.5], "texture": "#0"},
				"west": {"uv": [4, 13.5, 8, 16], "texture": "#0"},
				"up": {"uv": [1, 5.5, 3, 6.5], "texture": "#0"},
				"down": {"uv": [1, 7, 3, 8], "texture": "#0"}
			}
		},
		{
			"from": [2, 8, 9],
			"to": [4, 9, 12],
			"rotation": {"angle": 0, "axis": "y", "origin": [11, 15.5, 16.5]},
			"faces": {
				"north": {"uv": [4, 6.5, 5, 7], "texture": "#0"},
				"east": {"uv": [3.5, 0, 4, 1.5], "rotation": 90, "texture": "#0"},
				"south": {"uv": [0, 10.5, 1, 11], "texture": "#0"},
				"west": {"uv": [6, 0, 5.5, 1.5], "rotation": 90, "texture": "#0"},
				"up": {"uv": [5, 0, 6, 1.5], "rotation": 180, "texture": "#0"},
				"down": {"uv": [6, 0, 5, 1.5], "texture": "#0"}
			}
		},
		{
			"from": [2, 9, 9],
			"to": [4, 12, 9],
			"rotation": {"angle": 0, "axis": "y", "origin": [11, 15.5, 16.5]},
			"faces": {
				"north": {"uv": [4, 5, 5, 6.5], "texture": "#0"},
				"east": {"uv": [6, 7, 8, 8.5], "texture": "#0"},
				"south": {"uv": [5, 5, 4, 6.5], "texture": "#0"},
				"west": {"uv": [9.5, 7, 11.5, 8.5], "texture": "#0"},
				"up": {"uv": [8, 5, 9.5, 7], "texture": "#0"},
				"down": {"uv": [9.5, 5, 11, 7], "texture": "#0"}
			}
		},
		{
			"from": [12, 9, 9],
			"to": [14, 12, 9],
			"rotation": {"angle": 0, "axis": "y", "origin": [11, 15.5, 16.5]},
			"faces": {
				"north": {"uv": [5, 5, 4, 6.5], "texture": "#0"},
				"east": {"uv": [6, 7, 8, 8.5], "texture": "#0"},
				"south": {"uv": [4, 5, 5, 6.5], "texture": "#0"},
				"west": {"uv": [9.5, 7, 11.5, 8.5], "texture": "#0"},
				"up": {"uv": [8, 5, 9.5, 7], "texture": "#0"},
				"down": {"uv": [9.5, 5, 11, 7], "texture": "#0"}
			}
		},
		{
			"from": [12, 8, 9],
			"to": [14, 9, 12],
			"rotation": {"angle": 0, "axis": "y", "origin": [18, 15.5, 16.5]},
			"faces": {
				"north": {"uv": [5, 6.5, 4, 7], "texture": "#0"},
				"east": {"uv": [0, 0, 0.5, 1.5], "rotation": 270, "texture": "#0"},
				"south": {"uv": [5, 10.5, 6, 11], "texture": "#0"},
				"west": {"uv": [1, 0, 1.5, 1.5], "rotation": 270, "texture": "#0"},
				"up": {"uv": [0, 0, 1, 1.5], "rotation": 180, "texture": "#0"},
				"down": {"uv": [1, 0, 0, 1.5], "texture": "#0"}
			}
		}
	],
	"display": {
		"thirdperson_righthand": {
			"rotation": [-11, 0, 0],
			"translation": [0, -0.5, 0.75]
		},
		"thirdperson_lefthand": {
			"rotation": [-11, 0, 0],
			"translation": [0, -0.5, 0.75]
		},
		"firstperson_righthand": {
			"rotation": [-30.5, 5, 2],
			"translation": [0, -1, -1.5]
		},
		"firstperson_lefthand": {
			"rotation": [-30.5, 5, 2],
			"translation": [0, -1, -1.5]
		},
		"ground": {
			"translation": [0, 1.5, 0]
		},
		"gui": {
			"rotation": [30, 132, 0],
			"translation": [-0.5, -0.75, 0]
		},
		"head": {
			"translation": [0, 5.5, 0],
			"scale": [1.9, 1.9, 1.9]
		},
		"fixed": {
			"rotation": [-90, 0, 0],
			"scale": [1.58, 1.58, 1.58]
		}
	}
}