{
	"credit": "Made with Blockbench",
	"texture_size": [32, 32],
	"textures": {
		"0": "./shuba",
		"particle": "./shuba"
	},
	"elements": [
		{
			"from": [4, 9, 4],
			"to": [12, 9, 12],
			"rotation": {"angle": 0, "axis": "y", "origin": [12, 17, 12]},
			"faces": {
				"north": {"uv": [4, 4, 8, 8], "texture": "#0"},
				"east": {"uv": [0, 4, 4, 8], "texture": "#0"},
				"south": {"uv": [12, 4, 16, 8], "texture": "#0"},
				"west": {"uv": [8, 4, 12, 8], "texture": "#0"},
				"up": {"uv": [4, 0, 8, 4], "rotation": 180, "texture": "#0"},
				"down": {"uv": [4, 0, 8, 4], "texture": "#0"}
			}
		},
		{
			"from": [12, 1, 4],
			"to": [12, 9, 12],
			"rotation": {"angle": 0, "axis": "y", "origin": [20, 9, 12]},
			"faces": {
				"north": {"uv": [4, 4, 8, 8], "texture": "#0"},
				"east": {"uv": [0, 4, 4, 8], "texture": "#0"},
				"south": {"uv": [12, 4, 16, 8], "texture": "#0"},
				"west": {"uv": [8, 4, 12, 8], "texture": "#0"},
				"up": {"uv": [4, 0, 8, 4], "rotation": 180, "texture": "#0"},
				"down": {"uv": [8, 0, 12, 4], "texture": "#0"}
			}
		},
		{
			"from": [4, 1, 4],
			"to": [4, 9, 12],
			"rotation": {"angle": 0, "axis": "y", "origin": [12, 9, 12]},
			"faces": {
				"north": {"uv": [4, 4, 8, 8], "texture": "#0"},
				"east": {"uv": [0, 4, 4, 8], "texture": "#0"},
				"south": {"uv": [12, 4, 16, 8], "texture": "#0"},
				"west": {"uv": [8, 4, 12, 8], "texture": "#0"},
				"up": {"uv": [4, 0, 8, 4], "rotation": 180, "texture": "#0"},
				"down": {"uv": [8, 0, 12, 4], "texture": "#0"}
			}
		},
		{
			"from": [4, 1, 12],
			"to": [12, 9, 12],
			"rotation": {"angle": 0, "axis": "y", "origin": [12, 9, 20]},
			"faces": {
				"north": {"uv": [16, 4, 12, 8], "texture": "#0"},
				"east": {"uv": [0, 4, 4, 8], "texture": "#0"},
				"south": {"uv": [12, 4, 16, 8], "texture": "#0"},
				"west": {"uv": [8, 4, 12, 8], "texture": "#0"},
				"up": {"uv": [4, 0, 8, 4], "rotation": 180, "texture": "#0"},
				"down": {"uv": [8, 0, 12, 4], "texture": "#0"}
			}
		},
		{
			"from": [4, 1, 4],
			"to": [12, 9, 4],
			"rotation": {"angle": 0, "axis": "y", "origin": [12, 9, 12]},
			"faces": {
				"north": {"uv": [4, 4, 8, 8], "texture": "#0"},
				"east": {"uv": [0, 4, 4, 8], "texture": "#0"},
				"south": {"uv": [4, 4, 8, 8], "texture": "#0"},
				"west": {"uv": [8, 4, 12, 8], "texture": "#0"},
				"up": {"uv": [4, 0, 8, 4], "rotation": 180, "texture": "#0"},
				"down": {"uv": [8, 0, 12, 4], "texture": "#0"}
			}
		},
		{
			"from": [4, 1, 4],
			"to": [12, 1, 12],
			"rotation": {"angle": 0, "axis": "y", "origin": [12, 9, 12]},
			"faces": {
				"north": {"uv": [4, 4, 8, 8], "texture": "#0"},
				"east": {"uv": [0, 4, 4, 8], "texture": "#0"},
				"south": {"uv": [12, 4, 16, 8], "texture": "#0"},
				"west": {"uv": [8, 4, 12, 8], "texture": "#0"},
				"up": {"uv": [8, 0, 12, 4], "rotation": 180, "texture": "#0"},
				"down": {"uv": [8, 0, 12, 4], "texture": "#0"}
			}
		},
		{
			"from": [3, 7, 3],
			"to": [13, 10, 6],
			"rotation": {"angle": 0, "axis": "y", "origin": [11, 15, 11]},
			"faces": {
				"north": {"uv": [0, 8, 5, 9.5], "texture": "#0"},
				"east": {"uv": [5, 8, 6.5, 9.5], "texture": "#0"},
				"south": {"uv": [0, 11, 5, 12.5], "rotation": 180, "texture": "#0"},
				"west": {"uv": [6.5, 8, 5, 9.5], "texture": "#0"},
				"up": {"uv": [0, 9.5, 5, 11], "rotation": 180, "texture": "#0"},
				"down": {"uv": [0, 11, 5, 12.5], "texture": "#0"}
			}
		},
		{
			"from": [3, 1, 3],
			"to": [5, 7, 6],
			"rotation": {"angle": 0, "axis": "y", "origin": [11, 9, 11]},
			"faces": {
				"north": {"uv": [1, 12.5, 0, 15.5], "texture": "#0"},
				"east": {"uv": [5, 12.5, 3.5, 15.5], "texture": "#0"},
				"south": {"uv": [3.5, 12.5, 2.5, 15.5], "texture": "#0"},
				"west": {"uv": [2.5, 12.5, 1, 15.5], "texture": "#0"},
				"up": {"uv": [0, 7, 6, 13], "rotation": 180, "texture": "#0"},
				"down": {"uv": [5, 9.5, 6, 11], "texture": "#0"}
			}
		},
		{
			"from": [11, 1, 3],
			"to": [13, 7, 6],
			"rotation": {"angle": 0, "axis": "y", "origin": [19, 9, 11]},
			"faces": {
				"north": {"uv": [0, 12.5, 1, 15.5], "texture": "#0"},
				"east": {"uv": [1, 12.5, 2.5, 15.5], "texture": "#0"},
				"south": {"uv": [2.5, 12.5, 3.5, 15.5], "texture": "#0"},
				"west": {"uv": [3.5, 12.5, 5, 15.5], "texture": "#0"},
				"up": {"uv": [0, 7, 6, 13], "rotation": 180, "texture": "#0"},
				"down": {"uv": [5, 9.5, 6, 11], "texture": "#0"}
			}
		}
	],
	"display": {
		"thirdperson_righthand": {
			"rotation": [52, -180, 0],
			"translation": [0, 1.75, -1.75]
		},
		"thirdperson_lefthand": {
			"rotation": [52, -180, 0],
			"translation": [0, 1.75, -1.75]
		},
		"ground": {
			"translation": [0, 4.25, 0]
		},
		"gui": {
			"rotation": [30, 132, 0],
			"translation": [0.75, 2, 0],
			"scale": [0.9, 0.9, 0.9]
		},
		"head": {
			"translation": [0, 5.75, 0],
			"scale": [1.9, 1.9, 1.9]
		},
		"fixed": {
			"rotation": [-90, 0, 0],
			"translation": [0, 0, -10],
			"scale": [1.58, 1.58, 1.58]
		}
	}
}