{
	"credit": "Made with Blockbench",
	"texture_size": [64, 64],
	"textures": {
		"0": "./bomb_hat",
		"particle": "./bomb_hat"
	},
	"elements": [
		{
			"from": [2, 5, 15],
			"to": [14, 5, 21],
			"rotation": {"angle": 45, "axis": "z", "origin": [8, 5, 18.5]},
			"faces": {
				"north": {"uv": [4, 4, 8, 5.5], "texture": "#0"},
				"east": {"uv": [0, 4, 4, 5.5], "texture": "#0"},
				"south": {"uv": [12, 4, 16, 5.5], "texture": "#0"},
				"west": {"uv": [8, 4, 12, 5.5], "texture": "#0"},
				"up": {"uv": [5.5, 6.25, 2.5, 4.75], "rotation": 180, "texture": "#0"},
				"down": {"uv": [5.5, 4.75, 2.5, 6.25], "rotation": 180, "texture": "#0"}
			}
		},
		{
			"from": [8, -1, 15],
			"to": [8, 11, 21],
			"rotation": {"angle": 45, "axis": "z", "origin": [8, 5, 18.5]},
			"faces": {
				"north": {"uv": [4, 4, 8, 5.5], "rotation": 90, "texture": "#0"},
				"east": {"uv": [2.5, 4.75, 5.5, 6.25], "rotation": 90, "texture": "#0"},
				"south": {"uv": [12, 4, 16, 5.5], "rotation": 270, "texture": "#0"},
				"west": {"uv": [2.5, 6.25, 5.5, 4.75], "rotation": 90, "texture": "#0"},
				"up": {"uv": [0, 4, 4, 5.5], "rotation": 270, "texture": "#0"},
				"down": {"uv": [8, 4, 12, 5.5], "rotation": 270, "texture": "#0"}
			}
		},
		{
			"from": [3, 0, -4],
			"to": [13, 10, 11],
			"rotation": {"angle": 0, "axis": "y", "origin": [11, 8, 12]},
			"faces": {
				"north": {"uv": [0, 0, 2.5, 2.5], "rotation": 90, "texture": "#0"},
				"east": {"uv": [2.5, 2.5, 0, 6.25], "rotation": 90, "texture": "#0"},
				"south": {"uv": [2.5, 0, 5, 2.5], "texture": "#0"},
				"west": {"uv": [2.5, 2.5, 0, 6.25], "rotation": 270, "texture": "#0"},
				"up": {"uv": [0, 2.5, 2.5, 6.25], "texture": "#0"},
				"down": {"uv": [0, 2.5, 2.5, 6.25], "rotation": 180, "texture": "#0"}
			}
		},
		{
			"from": [6, 10, 2],
			"to": [10, 14, 6],
			"rotation": {"angle": 0, "axis": "y", "origin": [11, 8, 12]},
			"faces": {
				"north": {"uv": [3.5, 2.5, 4.5, 3.5], "texture": "#0"},
				"east": {"uv": [2.5, 3.5, 3.5, 4.5], "rotation": 90, "texture": "#0"},
				"south": {"uv": [5.5, 2.5, 4.5, 3.5], "texture": "#0"},
				"west": {"uv": [4.5, 3.5, 5.5, 4.5], "rotation": 270, "texture": "#0"},
				"up": {"uv": [5.5, 3.5, 6.5, 4.5], "texture": "#0"}
			}
		},
		{
			"from": [3, 0, 21],
			"to": [13, 10, 27],
			"rotation": {"angle": 0, "axis": "y", "origin": [11, 8, 12]},
			"faces": {
				"north": {"uv": [0, 6.25, 2.5, 8.75], "texture": "#0"},
				"east": {"uv": [2.5, 6.25, 5, 7.75], "rotation": 90, "texture": "#0"},
				"south": {"uv": [0, 6.25, 2.5, 8.75], "texture": "#0"},
				"west": {"uv": [2.5, 6.25, 5, 7.75], "rotation": 270, "texture": "#0"},
				"up": {"uv": [2.5, 6.25, 5, 7.75], "texture": "#0"},
				"down": {"uv": [2.5, 6.25, 5, 7.75], "rotation": 180, "texture": "#0"}
			}
		},
		{
			"from": [4, 1, 11],
			"to": [12, 9, 15],
			"rotation": {"angle": 0, "axis": "y", "origin": [11, 8, 12]},
			"faces": {
				"east": {"uv": [0, 10.75, 2, 11.75], "rotation": 90, "texture": "#0"},
				"south": {"uv": [0, 8.75, 2, 10.75], "texture": "#0"},
				"west": {"uv": [0, 10.75, 2, 11.75], "rotation": 270, "texture": "#0"},
				"up": {"uv": [2, 10.75, 0, 11.75], "texture": "#0"},
				"down": {"uv": [0, 10.75, 2, 11.75], "texture": "#0"}
			}
		},
		{
			"from": [6, 3, 15],
			"to": [10, 7, 21],
			"rotation": {"angle": 0, "axis": "y", "origin": [11, 8, 12]},
			"faces": {
				"east": {"uv": [2, 8.75, 3, 10.25], "rotation": 90, "texture": "#0"},
				"west": {"uv": [2, 8.75, 3, 10.25], "rotation": 270, "texture": "#0"},
				"up": {"uv": [2, 8.75, 3, 10.25], "texture": "#0"},
				"down": {"uv": [2, 8.75, 3, 10.25], "rotation": 180, "texture": "#0"}
			}
		}
	],
	"display": {
		"thirdperson_righthand": {
			"rotation": [150, 7.5, 5],
			"translation": [-6.25, -9.25, 16.5]
		},
		"thirdperson_lefthand": {
			"rotation": [150, 7.5, 5],
			"translation": [-6.25, -9.25, 16.5]
		},
		"firstperson_righthand": {
			"rotation": [-50, -180, 0],
			"translation": [4.25, 6.75, 3.5]
		},
		"firstperson_lefthand": {
			"rotation": [-50, -180, 0],
			"translation": [4.25, 6.75, 3.5]
		},
		"ground": {
			"translation": [0, 6, 0]
		},
		"gui": {
			"rotation": [30, 132, 0],
			"translation": [-1.25, -0.25, 0],
			"scale": [0.5, 0.5, 0.5]
		},
		"head": {
			"translation": [0, 5.75, -6],
			"scale": [1.9, 1.9, 1.9]
		},
		"fixed": {
			"rotation": [-90, 0, 0],
			"translation": [0, 0, -14],
			"scale": [2, 2, 2]
		}
	}
}