{
	"credit": "Made with Blockbench",
	"texture_size": [32, 32],
	"textures": {
		"0": "./brain_interface",
		"particle": "./brain_interface"
	},
	"elements": [
		{
			"from": [4, 5, 4],
			"to": [12, 10, 12],
			"rotation": {"angle": 0, "axis": "y", "origin": [12, 15, 12]},
			"faces": {
				"north": {"uv": [4, 0, 8, 2.5], "texture": "#0"},
				"east": {"uv": [0, 0, 4, 2.5], "texture": "#0"},
				"south": {"uv": [12, 0, 16, 2.5], "texture": "#0"},
				"west": {"uv": [8, 0, 12, 2.5], "texture": "#0"},
				"up": {"uv": [0, 2.5, 4, 6.5], "rotation": 180, "texture": "#0"},
				"down": {"uv": [4, 2.5, 8, 6.5], "texture": "#0"}
			}
		},
		{
			"from": [3.75, 10.25, 3.75],
			"to": [12.25, 10.25, 12.25],
			"rotation": {"angle": 0, "axis": "y", "origin": [12, 15, 12]},
			"faces": {
				"north": {"uv": [4, 6.5, 8, 10.5], "texture": "#0"},
				"east": {"uv": [0, 6.5, 4, 10.5], "texture": "#0"},
				"south": {"uv": [12, 6.5, 16, 10.5], "texture": "#0"},
				"west": {"uv": [8, 6.5, 12, 10.5], "texture": "#0"},
				"up": {"uv": [8, 2.5, 12, 6.5], "rotation": 180, "texture": "#0"},
				"down": {"uv": [8, 2.5, 12, 6.5], "texture": "#0"}
			}
		},
		{
			"from": [2, 6.25, 10],
			"to": [14, 6.25, 14],
			"rotation": {"angle": 22.5, "axis": "x", "origin": [8, 6.25, 10]},
			"faces": {
				"north": {"uv": [4, 6.5, 8, 10.5], "texture": "#0"},
				"east": {"uv": [0, 6.5, 4, 10.5], "texture": "#0"},
				"south": {"uv": [12, 6.5, 16, 10.5], "texture": "#0"},
				"west": {"uv": [8, 6.5, 12, 10.5], "texture": "#0"},
				"up": {"uv": [0, 14, 6, 16], "texture": "#0"},
				"down": {"uv": [0, 14, 6, 16], "rotation": 180, "texture": "#0"}
			}
		},
		{
			"from": [2, 7.25, 11],
			"to": [14, 7.25, 14],
			"rotation": {"angle": 0, "axis": "y", "origin": [8, 7.25, 12]},
			"faces": {
				"north": {"uv": [4, 6.5, 8, 10.5], "texture": "#0"},
				"east": {"uv": [0, 6.5, 4, 10.5], "texture": "#0"},
				"south": {"uv": [12, 6.5, 16, 10.5], "texture": "#0"},
				"west": {"uv": [8, 6.5, 12, 10.5], "texture": "#0"},
				"up": {"uv": [6, 14.5, 12, 16], "texture": "#0"},
				"down": {"uv": [6, 14.5, 12, 16], "rotation": 180, "texture": "#0"}
			}
		},
		{
			"from": [3.75, 1.75, 3.75],
			"to": [3.75, 10.25, 12.25],
			"rotation": {"angle": 0, "axis": "y", "origin": [12, 15, 12]},
			"faces": {
				"north": {"uv": [4, 6.5, 8, 10.5], "texture": "#0"},
				"east": {"uv": [0, 6.5, 4, 10.5], "texture": "#0"},
				"south": {"uv": [12, 6.5, 16, 10.5], "texture": "#0"},
				"west": {"uv": [8, 6.5, 12, 10.5], "texture": "#0"},
				"up": {"uv": [8, 2.5, 12, 6.5], "rotation": 180, "texture": "#0"},
				"down": {"uv": [12, 2.5, 16, 6.5], "texture": "#0"}
			}
		},
		{
			"from": [12.25, 1.75, 3.75],
			"to": [12.25, 10.25, 12.25],
			"rotation": {"angle": 0, "axis": "y", "origin": [12, 15, 12]},
			"faces": {
				"north": {"uv": [4, 6.5, 8, 10.5], "texture": "#0"},
				"east": {"uv": [0, 6.5, 4, 10.5], "texture": "#0"},
				"south": {"uv": [12, 6.5, 16, 10.5], "texture": "#0"},
				"west": {"uv": [8, 6.5, 12, 10.5], "texture": "#0"},
				"up": {"uv": [8, 2.5, 12, 6.5], "rotation": 180, "texture": "#0"},
				"down": {"uv": [12, 2.5, 16, 6.5], "texture": "#0"}
			}
		},
		{
			"from": [4, 4, 3],
			"to": [12, 7, 4],
			"rotation": {"angle": 0, "axis": "y", "origin": [12, 15, 12]},
			"faces": {
				"north": {"uv": [4, 12, 8, 13.5], "texture": "#0"},
				"east": {"uv": [3.5, 12, 4, 13.5], "texture": "#0"},
				"south": {"uv": [4, 11.5, 8, 12], "rotation": 180, "texture": "#0"},
				"west": {"uv": [8, 12, 8.5, 13.5], "texture": "#0"},
				"up": {"uv": [4, 12, 8, 12.5], "rotation": 180, "texture": "#0"},
				"down": {"uv": [4, 13, 8, 13.5], "rotation": 180, "texture": "#0"}
			}
		},
		{
			"from": [3.75, 1.75, 12.25],
			"to": [12.25, 10.25, 12.25],
			"rotation": {"angle": 0, "axis": "y", "origin": [12, 15, 12]},
			"faces": {
				"north": {"uv": [16, 6.5, 12, 10.5], "texture": "#0"},
				"east": {"uv": [0, 6.5, 4, 10.5], "texture": "#0"},
				"south": {"uv": [12, 6.5, 16, 10.5], "texture": "#0"},
				"west": {"uv": [8, 6.5, 12, 10.5], "texture": "#0"},
				"up": {"uv": [8, 2.5, 12, 6.5], "rotation": 180, "texture": "#0"},
				"down": {"uv": [12, 2.5, 16, 6.5], "texture": "#0"}
			}
		}
	],
	"display": {
		"thirdperson_righthand": {
			"rotation": [-44, 0, 10],
			"translation": [-0.5, -0.5, -2.75]
		},
		"thirdperson_lefthand": {
			"rotation": [-44, 0, 10],
			"translation": [-0.5, -0.5, -2.75]
		},
		"firstperson_righthand": {
			"rotation": [-42, 16, -9],
			"translation": [1.25, 0, 0]
		},
		"firstperson_lefthand": {
			"rotation": [-42, 16, -9],
			"translation": [1.25, 0, 0]
		},
		"ground": {
			"translation": [0, 1.75, 0]
		},
		"gui": {
			"rotation": [30, 132, 0],
			"translation": [0, 1, 0]
		},
		"head": {
			"translation": [0, 3.75, 0],
			"scale": [1.9, 1.9, 1.9]
		},
		"fixed": {
			"rotation": [-90, 0, 0],
			"translation": [0, 0, -7.25],
			"scale": [1.58, 1.58, 1.58]
		}
	}
}