{
	"credit": "Made with Blockbench",
	"texture_size": [64, 32],
	"textures": {
		"0": "./miner_cap_armor",
		"particle": "./miner_cap_armor"
	},
	"elements": [
		{
			"from": [4, 7, 4],
			"to": [4, 15, 12],
			"rotation": {"angle": 0, "axis": "y", "origin": [12, 15, 12]},
			"faces": {
				"north": {"uv": [2, 4, 4, 8], "texture": "#0"},
				"east": {"uv": [6, 4, 4, 8], "texture": "#0"},
				"south": {"uv": [6, 4, 8, 8], "texture": "#0"},
				"west": {"uv": [4, 4, 6, 8], "texture": "#0"},
				"up": {"uv": [2, 0, 4, 4], "rotation": 180, "texture": "#0"},
				"down": {"uv": [4, 0, 6, 4], "texture": "#0"}
			}
		},
		{
			"from": [3.5, 6.5, 3.5],
			"to": [3.5, 15.5, 12.5],
			"rotation": {"angle": 0, "axis": "y", "origin": [12, 15, 12]},
			"faces": {
				"north": {"uv": [2, 4, 4, 8], "texture": "#0"},
				"east": {"uv": [14, 4, 12, 8], "texture": "#0"},
				"south": {"uv": [6, 4, 8, 8], "texture": "#0"},
				"west": {"uv": [12, 4, 14, 8], "texture": "#0"},
				"up": {"uv": [2, 0, 4, 4], "rotation": 180, "texture": "#0"},
				"down": {"uv": [4, 0, 6, 4], "texture": "#0"}
			}
		},
		{
			"from": [8, 14.5, -3.5],
			"to": [8, 22.5, 4.5],
			"rotation": {"angle": 0, "axis": "y", "origin": [12, 15, 12]},
			"faces": {
				"north": {"uv": [2, 4, 4, 8], "texture": "#0"},
				"east": {"uv": [10, 8, 8, 12], "texture": "#0"},
				"south": {"uv": [6, 8, 8, 12], "texture": "#0"},
				"west": {"uv": [8, 8, 10, 12], "texture": "#0"},
				"up": {"uv": [2, 0, 4, 4], "rotation": 180, "texture": "#0"},
				"down": {"uv": [4, 0, 6, 4], "texture": "#0"}
			}
		},
		{
			"from": [5, 8.5, -5.5],
			"to": [11, 15.5, 0.5],
			"rotation": {"angle": 0, "axis": "y", "origin": [12, 16, 13]},
			"faces": {
				"north": {"uv": [1.5, 9, 3, 12.5], "texture": "#0"},
				"east": {"uv": [1.5, 9, 3, 12.5], "texture": "#0"},
				"south": {"uv": [1.5, 9, 3, 12.5], "texture": "#0"},
				"west": {"uv": [1.5, 9, 3, 12.5], "texture": "#0"},
				"up": {"uv": [1.5, 12.5, 3, 15.5], "rotation": 180, "texture": "#0"},
				"down": {"uv": [1.5, 12.5, 3, 15.5], "texture": "#0"}
			}
		},
		{
			"from": [6, 15.5, -4.5],
			"to": [10, 17.5, -0.5],
			"rotation": {"angle": 0, "axis": "y", "origin": [12, 16, 13]},
			"faces": {
				"north": {"uv": [1.75, 8, 2.75, 9], "texture": "#0"},
				"east": {"uv": [1.75, 8, 2.75, 9], "texture": "#0"},
				"south": {"uv": [1.75, 8, 2.75, 9], "texture": "#0"},
				"west": {"uv": [1.75, 8, 2.75, 9], "texture": "#0"},
				"up": {"uv": [1.75, 13, 2.75, 15], "rotation": 180, "texture": "#0"},
				"down": {"uv": [1.75, 13, 2.75, 15], "texture": "#0"}
			}
		},
		{
			"from": [8, 17.5, -4],
			"to": [8, 22.5, -1],
			"rotation": {"angle": 45, "axis": "y", "origin": [8, 20, -2.5]},
			"faces": {
				"north": {"uv": [1.75, 8, 2.75, 9], "texture": "#0"},
				"east": {"uv": [1.5, 8, 0.75, 10.5], "texture": "#0"},
				"south": {"uv": [1.75, 8, 2.75, 9], "texture": "#0"},
				"west": {"uv": [0.75, 8, 1.5, 10.5], "texture": "#0"},
				"up": {"uv": [1.75, 13, 2.75, 15], "rotation": 180, "texture": "#0"},
				"down": {"uv": [1.75, 13, 2.75, 15], "texture": "#0"}
			}
		},
		{
			"from": [6.5, 17.5, -2.5],
			"to": [9.5, 22.5, -2.5],
			"rotation": {"angle": 45, "axis": "y", "origin": [8, 20, -2.5]},
			"faces": {
				"north": {"uv": [0.75, 8, 0, 10.5], "texture": "#0"},
				"east": {"uv": [1.75, 8, 2.75, 9], "texture": "#0"},
				"south": {"uv": [0, 8, 0.75, 10.5], "texture": "#0"},
				"west": {"uv": [1.75, 8, 2.75, 9], "texture": "#0"},
				"up": {"uv": [1.75, 13, 2.75, 15], "rotation": 90, "texture": "#0"},
				"down": {"uv": [1.75, 13, 2.75, 15], "rotation": 90, "texture": "#0"}
			}
		},
		{
			"from": [12.5, 6.5, 3.5],
			"to": [12.5, 15.5, 12.5],
			"rotation": {"angle": 0, "axis": "y", "origin": [12, 15, 12]},
			"faces": {
				"north": {"uv": [2, 4, 4, 8], "texture": "#0"},
				"east": {"uv": [8, 4, 10, 8], "texture": "#0"},
				"south": {"uv": [6, 4, 8, 8], "texture": "#0"},
				"west": {"uv": [10, 4, 8, 8], "texture": "#0"},
				"up": {"uv": [2, 0, 4, 4], "rotation": 180, "texture": "#0"},
				"down": {"uv": [4, 0, 6, 4], "texture": "#0"}
			}
		},
		{
			"from": [4, 15, 4],
			"to": [12, 15, 12],
			"rotation": {"angle": 0, "axis": "y", "origin": [12, 15, 12]},
			"faces": {
				"north": {"uv": [2, 4, 4, 8], "texture": "#0"},
				"east": {"uv": [0, 4, 2, 8], "texture": "#0"},
				"south": {"uv": [6, 4, 8, 8], "texture": "#0"},
				"west": {"uv": [4, 4, 6, 8], "texture": "#0"},
				"up": {"uv": [2, 0, 4, 4], "rotation": 180, "texture": "#0"},
				"down": {"uv": [4, 0, 2, 4], "texture": "#0"}
			}
		},
		{
			"from": [3.5, 15.5, 3.5],
			"to": [12.5, 15.5, 12.5],
			"rotation": {"angle": 0, "axis": "y", "origin": [12, 15, 12]},
			"faces": {
				"north": {"uv": [2, 4, 4, 8], "texture": "#0"},
				"east": {"uv": [0, 4, 2, 8], "texture": "#0"},
				"south": {"uv": [6, 4, 8, 8], "texture": "#0"},
				"west": {"uv": [4, 4, 6, 8], "texture": "#0"},
				"up": {"uv": [10, 0, 12, 4], "rotation": 180, "texture": "#0"},
				"down": {"uv": [12, 0, 10, 4], "texture": "#0"}
			}
		},
		{
			"from": [12, 7, 4],
			"to": [12, 15, 12],
			"rotation": {"angle": 0, "axis": "y", "origin": [20, 15, 12]},
			"faces": {
				"north": {"uv": [2, 4, 4, 8], "texture": "#0"},
				"east": {"uv": [0, 4, 2, 8], "texture": "#0"},
				"south": {"uv": [6, 4, 8, 8], "texture": "#0"},
				"west": {"uv": [2, 4, 0, 8], "texture": "#0"},
				"up": {"uv": [2, 0, 4, 4], "rotation": 180, "texture": "#0"},
				"down": {"uv": [4, 0, 6, 4], "texture": "#0"}
			}
		},
		{
			"from": [4, 7, 4],
			"to": [12, 15, 4],
			"rotation": {"angle": 0, "axis": "y", "origin": [12, 15, 12]},
			"faces": {
				"north": {"uv": [2, 4, 4, 8], "texture": "#0"},
				"east": {"uv": [0, 4, 2, 8], "texture": "#0"},
				"south": {"uv": [2, 4, 4, 8], "texture": "#0"},
				"west": {"uv": [4, 4, 6, 8], "texture": "#0"},
				"up": {"uv": [2, 0, 4, 4], "rotation": 180, "texture": "#0"},
				"down": {"uv": [4, 0, 6, 4], "texture": "#0"}
			}
		},
		{
			"from": [3.5, 6.5, 3.5],
			"to": [12.5, 15.5, 3.5],
			"rotation": {"angle": 0, "axis": "y", "origin": [12, 15, 12]},
			"faces": {
				"north": {"uv": [10, 4, 12, 8], "texture": "#0"},
				"east": {"uv": [0, 4, 2, 8], "texture": "#0"},
				"south": {"uv": [12, 4, 10, 8], "texture": "#0"},
				"west": {"uv": [4, 4, 6, 8], "texture": "#0"},
				"up": {"uv": [2, 0, 4, 4], "rotation": 180, "texture": "#0"},
				"down": {"uv": [4, 0, 6, 4], "texture": "#0"}
			}
		},
		{
			"from": [3.5, 6.5, 12.5],
			"to": [12.5, 15.5, 12.5],
			"rotation": {"angle": 0, "axis": "y", "origin": [12, 15, 12]},
			"faces": {
				"north": {"uv": [16, 4, 14, 8], "texture": "#0"},
				"east": {"uv": [0, 4, 2, 8], "texture": "#0"},
				"south": {"uv": [14, 4, 16, 8], "texture": "#0"},
				"west": {"uv": [4, 4, 6, 8], "texture": "#0"},
				"up": {"uv": [2, 0, 4, 4], "rotation": 180, "texture": "#0"},
				"down": {"uv": [4, 0, 6, 4], "texture": "#0"}
			}
		},
		{
			"from": [4, 7, 12],
			"to": [12, 15, 12],
			"rotation": {"angle": 0, "axis": "y", "origin": [12, 15, 20]},
			"faces": {
				"north": {"uv": [6, 4, 8, 8], "texture": "#0"},
				"east": {"uv": [0, 4, 2, 8], "texture": "#0"},
				"south": {"uv": [6, 4, 8, 8], "texture": "#0"},
				"west": {"uv": [4, 4, 6, 8], "texture": "#0"},
				"up": {"uv": [2, 0, 4, 4], "rotation": 180, "texture": "#0"},
				"down": {"uv": [4, 0, 6, 4], "texture": "#0"}
			}
		}
	],
	"display": {
		"thirdperson_righthand": {
			"rotation": [40, 4, 0],
			"translation": [0, -0.75, -3.75]
		},
		"thirdperson_lefthand": {
			"rotation": [40, 4, 0],
			"translation": [0, -0.75, -3.75]
		},
		"firstperson_righthand": {
			"rotation": [-32, 0, 0],
			"translation": [0, -3.5, 0.5]
		},
		"firstperson_lefthand": {
			"rotation": [-32, 0, 0],
			"translation": [0, -3.5, 0.5]
		},
		"ground": {
			"translation": [0, -2, 4.5]
		},
		"gui": {
			"rotation": [30, 132, 0],
			"translation": [2.5, -1.5, 0],
			"scale": [0.79, 0.79, 0.79]
		},
		"head": {
			"translation": [0, -5.75, 0],
			"scale": [1.9, 1.9, 1.9]
		},
		"fixed": {
			"rotation": [-90, 0, 0],
			"translation": [0, 4, 0.75],
			"scale": [1.58, 1.58, 1.58]
		}
	}
}