{
	"credit": "Made with Blockbench",
	"texture_size": [64, 32],
	"textures": {
		"0": "./railman",
		"particle": "./railman"
	},
	"elements": [
		{
			"from": [4, 7, 4],
			"to": [4, 15, 12],
			"rotation": {"angle": 0, "axis": "y", "origin": [12, 15, 12]},
			"faces": {
				"north": {"uv": [2, 4, 4, 8], "texture": "#0"},
				"east": {"uv": [6, 4, 4, 8], "texture": "#0"},
				"south": {"uv": [6, 4, 8, 8], "texture": "#0"},
				"west": {"uv": [4, 4, 6, 8], "texture": "#0"},
				"up": {"uv": [2, 0, 4, 4], "rotation": 180, "texture": "#0"},
				"down": {"uv": [4, 0, 6, 4], "texture": "#0"}
			}
		},
		{
			"from": [12, 7, 4],
			"to": [12, 15, 12],
			"rotation": {"angle": 0, "axis": "y", "origin": [20, 15, 12]},
			"faces": {
				"north": {"uv": [2, 4, 4, 8], "texture": "#0"},
				"east": {"uv": [0, 4, 2, 8], "texture": "#0"},
				"south": {"uv": [6, 4, 8, 8], "texture": "#0"},
				"west": {"uv": [2, 4, 0, 8], "texture": "#0"},
				"up": {"uv": [2, 0, 4, 4], "rotation": 180, "texture": "#0"},
				"down": {"uv": [4, 0, 6, 4], "texture": "#0"}
			}
		},
		{
			"from": [4, 7, 4],
			"to": [12, 15, 4],
			"rotation": {"angle": 0, "axis": "y", "origin": [12, 15, 12]},
			"faces": {
				"north": {"uv": [2, 4, 4, 8], "texture": "#0"},
				"east": {"uv": [0, 4, 2, 8], "texture": "#0"},
				"south": {"uv": [4, 4, 2, 8], "texture": "#0"},
				"west": {"uv": [4, 4, 6, 8], "texture": "#0"},
				"up": {"uv": [2, 0, 4, 4], "rotation": 180, "texture": "#0"},
				"down": {"uv": [4, 0, 6, 4], "texture": "#0"}
			}
		},
		{
			"from": [5, 10, 2],
			"to": [7, 12, 4],
			"rotation": {"angle": 0, "axis": "y", "origin": [12, 15, 12]},
			"faces": {
				"north": {"uv": [2.25, 5.5, 2.75, 6.5], "texture": "#0"},
				"east": {"uv": [8.5, 5, 8, 6], "texture": "#0"},
				"west": {"uv": [8, 5, 8.5, 6], "texture": "#0"},
				"up": {"uv": [8.5, 5, 9, 6], "rotation": 180, "texture": "#0"},
				"down": {"uv": [8, 5.5, 8.5, 6], "rotation": 270, "texture": "#0"}
			}
		},
		{
			"from": [9, 10, 2],
			"to": [11, 12, 4],
			"rotation": {"angle": 0, "axis": "y", "origin": [12, 15, 12]},
			"faces": {
				"north": {"uv": [2.25, 5.5, 2.75, 6.5], "texture": "#0"},
				"east": {"uv": [8.5, 5, 8, 6], "texture": "#0"},
				"west": {"uv": [8, 5, 8.5, 6], "texture": "#0"},
				"up": {"uv": [8.5, 5, 9, 6], "rotation": 180, "texture": "#0"},
				"down": {"uv": [8, 5.5, 8.5, 6], "rotation": 270, "texture": "#0"}
			}
		},
		{
			"from": [4, 7, 12],
			"to": [12, 15, 12],
			"rotation": {"angle": 0, "axis": "y", "origin": [12, 15, 20]},
			"faces": {
				"north": {"uv": [6, 4, 8, 8], "texture": "#0"},
				"east": {"uv": [0, 4, 2, 8], "texture": "#0"},
				"south": {"uv": [8, 4, 6, 8], "texture": "#0"},
				"west": {"uv": [4, 4, 6, 8], "texture": "#0"},
				"up": {"uv": [2, 0, 4, 4], "rotation": 180, "texture": "#0"},
				"down": {"uv": [4, 0, 6, 4], "texture": "#0"}
			}
		}
	],
	"display": {
		"thirdperson_righthand": {
			"rotation": [-13.5, 0, 0],
			"translation": [0, -7.25, -1.75]
		},
		"thirdperson_lefthand": {
			"rotation": [-13.5, 0, 0],
			"translation": [0, -7.25, -1.75]
		},
		"firstperson_righthand": {
			"rotation": [-27, 0, 0],
			"translation": [0, -4, 3.25]
		},
		"firstperson_lefthand": {
			"rotation": [-27, 0, 0],
			"translation": [0, -4, 3.25]
		},
		"ground": {
			"translation": [0, -5.5, 0]
		},
		"gui": {
			"rotation": [30, 132, 0],
			"translation": [0.25, -3.75, 0]
		},
		"head": {
			"translation": [0, -5.25, 0],
			"scale": [1.75, 1.75, 1.75]
		},
		"fixed": {
			"rotation": [-90, 0, 0],
			"translation": [0, 0, 5],
			"scale": [1.58, 1.58, 1.58]
		}
	}
}