{
	"credit": "Made with Blockbench",
	"texture_size": [32, 32],
	"textures": {
		"0": "./bonapard_hat_robo",
		"particle": "./bonapard_hat_robo"
	},
	"elements": [
		{
			"from": [3, 8, 4],
			"to": [13, 9, 12],
			"rotation": {"angle": 0, "axis": "y", "origin": [8, 10, 7]},
			"faces": {
				"north": {"uv": [4, 8.5, 9, 9], "texture": "#0"},
				"east": {"uv": [0, 8.5, 4, 9], "texture": "#0"},
				"south": {"uv": [4, 11, 9, 11.5], "texture": "#0"},
				"west": {"uv": [0, 8.5, 4, 9], "texture": "#0"},
				"up": {"uv": [4, 0, 9, 4], "texture": "#0"},
				"down": {"uv": [4, 0, 9, 4], "texture": "#0"}
			}
		},
		{
			"from": [3, 9, 4],
			"to": [13, 13, 4],
			"rotation": {"angle": 0, "axis": "y", "origin": [8, 10, 7]},
			"faces": {
				"north": {"uv": [4, 6.5, 9, 8.5], "texture": "#0"},
				"east": {"uv": [0, 6.5, 4, 9], "texture": "#0"},
				"south": {"uv": [9, 6.5, 4, 8.5], "texture": "#0"},
				"west": {"uv": [0, 9, 4, 11.5], "texture": "#0"},
				"up": {"uv": [11.5, 0, 12, 0.5], "texture": "#0"},
				"down": {"uv": [10.5, 0, 11, 0.5], "texture": "#0"}
			}
		},
		{
			"from": [3, 9, 12],
			"to": [13, 13, 12],
			"rotation": {"angle": 0, "axis": "y", "origin": [8, 10, 7]},
			"faces": {
				"north": {"uv": [9, 9, 4, 11], "texture": "#0"},
				"east": {"uv": [0, 6.5, 4, 9], "texture": "#0"},
				"south": {"uv": [4, 9, 9, 11], "texture": "#0"},
				"west": {"uv": [0, 9, 4, 11.5], "texture": "#0"},
				"up": {"uv": [11.5, 0, 12, 0.5], "texture": "#0"},
				"down": {"uv": [10.5, 0, 11, 0.5], "texture": "#0"}
			}
		},
		{
			"from": [3, 9, 4],
			"to": [3, 13, 12],
			"rotation": {"angle": 0, "axis": "y", "origin": [8, 10, 7]},
			"faces": {
				"north": {"uv": [4, 9, 9, 11.5], "texture": "#0"},
				"east": {"uv": [0, 6.5, 4, 8.5], "texture": "#0"},
				"south": {"uv": [4, 9, 9, 11.5], "texture": "#0"},
				"west": {"uv": [0, 9, 4, 11], "texture": "#0"},
				"up": {"uv": [11.5, 0, 12, 0.5], "texture": "#0"},
				"down": {"uv": [10.5, 0, 11, 0.5], "texture": "#0"}
			}
		},
		{
			"from": [13, 9, 4],
			"to": [13, 13, 12],
			"rotation": {"angle": 0, "axis": "y", "origin": [8, 10, 7]},
			"faces": {
				"north": {"uv": [4, 9, 9, 11.5], "texture": "#0"},
				"east": {"uv": [0, 6.5, 4, 8.5], "texture": "#0"},
				"south": {"uv": [4, 9, 9, 11.5], "texture": "#0"},
				"west": {"uv": [0, 9, 4, 11], "texture": "#0"},
				"up": {"uv": [11.5, 0, 12, 0.5], "texture": "#0"},
				"down": {"uv": [10.5, 0, 11, 0.5], "texture": "#0"}
			}
		},
		{
			"from": [5, 9, 5],
			"to": [11, 12, 11],
			"rotation": {"angle": 0, "axis": "y", "origin": [8, 10, 7]},
			"faces": {
				"north": {"uv": [0, 5, 3, 6.5], "texture": "#0"},
				"east": {"uv": [3, 5, 6, 6.5], "texture": "#0"},
				"south": {"uv": [6, 5, 9, 6.5], "texture": "#0"},
				"west": {"uv": [9, 5, 12, 6.5], "texture": "#0"},
				"up": {"uv": [12, 6.5, 9, 9.5], "rotation": 180, "texture": "#0"},
				"down": {"uv": [9, 5.5, 10.5, 7], "texture": "#0"}
			}
		},
		{
			"from": [12, 7, 6.05],
			"to": [16, 12, 6.05],
			"rotation": {"angle": 0, "axis": "y", "origin": [8, 10, 7]},
			"faces": {
				"north": {"uv": [0, 0, 2, 2.5], "texture": "#0"},
				"east": {"uv": [12, 2, 12.5, 2.5], "texture": "#0"},
				"south": {"uv": [2, 0, 0, 2.5], "texture": "#0"},
				"west": {"uv": [12, 2, 12.5, 2.5], "texture": "#0"},
				"up": {"uv": [12, 2, 12.5, 2.5], "texture": "#0"},
				"down": {"uv": [9, 9.5, 10.5, 11.5], "texture": "#0"}
			}
		},
		{
			"from": [0, 7, 6.05],
			"to": [4, 12, 6.05],
			"rotation": {"angle": 0, "axis": "y", "origin": [8, 10, 7]},
			"faces": {
				"north": {"uv": [2, 0, 0, 2.5], "texture": "#0"},
				"east": {"uv": [12, 2, 12.5, 2.5], "texture": "#0"},
				"south": {"uv": [0, 0, 2, 2.5], "texture": "#0"},
				"west": {"uv": [12, 2, 12.5, 2.5], "texture": "#0"},
				"up": {"uv": [12, 2, 12.5, 2.5], "texture": "#0"},
				"down": {"uv": [9, 9.5, 10.5, 11.5], "texture": "#0"}
			}
		},
		{
			"from": [12, 7, 10.05],
			"to": [16, 12, 10.05],
			"rotation": {"angle": 0, "axis": "y", "origin": [8, 10, 7]},
			"faces": {
				"north": {"uv": [0, 0, 2, 2.5], "texture": "#0"},
				"east": {"uv": [12, 2, 12.5, 2.5], "texture": "#0"},
				"south": {"uv": [2, 0, 0, 2.5], "texture": "#0"},
				"west": {"uv": [12, 2, 12.5, 2.5], "texture": "#0"},
				"up": {"uv": [12, 2, 12.5, 2.5], "texture": "#0"},
				"down": {"uv": [9, 9.5, 10.5, 11.5], "texture": "#0"}
			}
		},
		{
			"from": [0, 7, 10.05],
			"to": [4, 12, 10.05],
			"rotation": {"angle": 0, "axis": "y", "origin": [8, 10, 7]},
			"faces": {
				"north": {"uv": [2, 0, 0, 2.5], "texture": "#0"},
				"east": {"uv": [12, 2, 12.5, 2.5], "texture": "#0"},
				"south": {"uv": [0, 0, 2, 2.5], "texture": "#0"},
				"west": {"uv": [12, 2, 12.5, 2.5], "texture": "#0"},
				"up": {"uv": [12, 2, 12.5, 2.5], "texture": "#0"},
				"down": {"uv": [9, 9.5, 10.5, 11.5], "texture": "#0"}
			}
		},
		{
			"from": [12, 7, 6.05],
			"to": [16, 7, 10.05],
			"rotation": {"angle": 0, "axis": "y", "origin": [8, 10, 7]},
			"faces": {
				"north": {"uv": [9, 0, 10.5, 2.5], "texture": "#0"},
				"east": {"uv": [12, 2, 12.5, 2.5], "texture": "#0"},
				"south": {"uv": [10.5, 2.5, 12, 5], "texture": "#0"},
				"west": {"uv": [12, 2, 12.5, 2.5], "texture": "#0"},
				"up": {"uv": [0, 2.5, 2, 4.5], "rotation": 180, "texture": "#0"},
				"down": {"uv": [0, 2.5, 2, 4.5], "rotation": 180, "texture": "#0"}
			}
		},
		{
			"from": [0, 7, 6.05],
			"to": [4, 7, 10.05],
			"rotation": {"angle": 0, "axis": "y", "origin": [8, 10, 7]},
			"faces": {
				"north": {"uv": [9, 0, 10.5, 2.5], "texture": "#0"},
				"east": {"uv": [12, 2, 12.5, 2.5], "texture": "#0"},
				"south": {"uv": [10.5, 2.5, 12, 5], "texture": "#0"},
				"west": {"uv": [12, 2, 12.5, 2.5], "texture": "#0"},
				"up": {"uv": [2, 2.5, 0, 4.5], "rotation": 180, "texture": "#0"},
				"down": {"uv": [2, 2.5, 0, 4.5], "rotation": 180, "texture": "#0"}
			}
		},
		{
			"from": [3, 7, 6.05],
			"to": [4, 8, 10.05],
			"rotation": {"angle": 0, "axis": "y", "origin": [8, 10, 7]},
			"faces": {
				"east": {"uv": [2, 2.5, 2.5, 4.5], "rotation": 90, "texture": "#0"},
				"west": {"uv": [2, 2.5, 2.5, 4.5], "rotation": 90, "texture": "#0"}
			}
		},
		{
			"from": [12, 7, 6.05],
			"to": [13, 8, 10.05],
			"rotation": {"angle": 0, "axis": "y", "origin": [8, 10, 7]},
			"faces": {
				"east": {"uv": [2, 2.5, 2.5, 4.5], "rotation": 90, "texture": "#0"},
				"west": {"uv": [2, 2.5, 2.5, 4.5], "rotation": 90, "texture": "#0"}
			}
		}
	],
	"display": {
		"thirdperson_righthand": {
			"rotation": [-18, -9, 0],
			"translation": [0, -1.25, -1.25]
		},
		"thirdperson_lefthand": {
			"rotation": [-18, -9, 0],
			"translation": [0, -1.25, -1.25]
		},
		"firstperson_righthand": {
			"rotation": [-18, -14, 0],
			"translation": [0, -0.5, 0]
		},
		"firstperson_lefthand": {
			"rotation": [-18, -14, 0],
			"translation": [0, -0.5, 0]
		},
		"ground": {
			"translation": [0, -3.25, 0]
		},
		"gui": {
			"rotation": [30, 132, 0],
			"translation": [0, -1.75, 0]
		},
		"head": {
			"rotation": [0, 90, 0],
			"translation": [0, 5.5, 0],
			"scale": [1.9, 1.9, 1.9]
		},
		"fixed": {
			"rotation": [-90, 0, 0],
			"scale": [1.58, 1.58, 1.58]
		}
	}
}