{"item.goat_horn.play":{"replace":true,"sounds":[]},"entity.goat.screaming.horn_break":{"replace":true,"sounds":[]},"entity.cod.ambient":{"replace":true,"sounds":[]},"custom.currency.coins":{"sounds":["custom/coins"]},"custom.currency.tokens":{"sounds":["custom/tokens"]},"custom.battle_royale.victory":{"sounds":["custom/royale_victory"]},"custom.mystery_crate.open":{"sounds":["custom/crate_open"]},"custom.mystery_crate.scroll":{"sounds":["custom/crate_scroll"]},"custom.mystery_crate.unlock":{"sounds":["custom/crate_unlock"]},"custom.mystery_crate.unlock.mythical":{"sounds":["custom/crate_unlock_mythical"]},"custom.kill_effects.fart":{"sounds":["custom/kill_effects/fart"]},"custom.tools.mace.smash_air1":{"sounds":["custom/tools/mace/smash_air1"]},"custom.tools.mace.smash_air2":{"sounds":["custom/tools/mace/smash_air2"]},"custom.tools.mace.smash_air3":{"sounds":["custom/tools/mace/smash_air3"]},"custom.tools.mace.smash_ground_heavy":{"sounds":["custom/tools/mace/smash_ground_heavy"]},"custom.tools.mace.smash_ground1":{"sounds":["custom/tools/mace/smash_ground1"]},"custom.tools.mace.smash_ground2":{"sounds":["custom/tools/mace/smash_ground2"]},"custom.tools.mace.smash_ground3":{"sounds":["custom/tools/mace/smash_ground3"]},"custom.tools.mace.smash_ground4":{"sounds":["custom/tools/mace/smash_ground4"]},"custom.tools.wind_charge.wind_burst1":{"sounds":["custom/tools/wind_charge/wind_burst1"]},"custom.tools.wind_charge.wind_burst2":{"sounds":["custom/tools/wind_charge/wind_burst2"]},"custom.tools.wind_charge.wind_burst3":{"sounds":["custom/tools/wind_charge/wind_burst3"]},"custom.kill_effects.fly_swatter":{"sounds":["custom/kill_effects/fly_swatter"]},"custom.kill_effects.bomb_drop":{"sounds":["custom/kill_effects/bomb_drop"]},"custom.kill_effects.fire_ignition":{"sounds":["custom/kill_effects/fire_ignition"]},"custom.cosmetics.flamethrower.loop":{"sounds":["custom/cosmetics/flamethrower/loop"]},"custom.cosmetics.flamethrower.start":{"sounds":["custom/cosmetics/flamethrower/start"]},"custom.openers.ufo_beam_ray":{"sounds":["custom/openers/ufo_beam_ray"]},"custom.cosmetics.vacuum.start":{"sounds":["custom/cosmetics/vacuum/start"]},"custom.cosmetics.vacuum.loop":{"sounds":["custom/cosmetics/vacuum/loop"]},"custom.cosmetics.vacuum.stop":{"sounds":["custom/cosmetics/vacuum/stop"]},"custom.cosmetics.confetti_cannon.boom":{"sounds":["custom/cosmetics/confetti_cannon/boom"]},"custom.cosmetics.go_kart.loop":{"sounds":["custom/cosmetics/go_kart/loop"]}}