{
	"credit": "Made with Blockbench",
	"texture_size": [32, 32],
	"textures": {
		"0": "./buckethead",
		"particle": "./buckethead"
	},
	"elements": [
		{
			"from": [3.75, 10.75, 3.75],
			"to": [12.25, 14.75, 12.25],
			"rotation": {"angle": 0, "axis": "y", "origin": [12, 15, 12]},
			"faces": {
				"north": {"uv": [4, 4, 8, 6], "texture": "#0"},
				"east": {"uv": [0, 4, 4, 6], "texture": "#0"},
				"south": {"uv": [12, 4, 16, 6], "texture": "#0"},
				"west": {"uv": [8, 4, 12, 6], "texture": "#0"}
			}
		},
		{
			"from": [12.25, 10.75, 3.75],
			"to": [3.75, 14.75, 12.25],
			"rotation": {"angle": 0, "axis": "y", "origin": [12, 15, 12]},
			"faces": {
				"north": {"uv": [8, 4, 4, 6], "texture": "#0"},
				"east": {"uv": [12, 4, 8, 6], "texture": "#0"},
				"south": {"uv": [16, 4, 12, 6], "texture": "#0"},
				"west": {"uv": [4, 4, 0, 6], "texture": "#0"}
			}
		},
		{
			"from": [4, 6, 4],
			"to": [12, 11, 4],
			"rotation": {"angle": 0, "axis": "y", "origin": [12, 15, 20]},
			"faces": {
				"north": {"uv": [12, 6, 16, 8.5], "texture": "#0"},
				"east": {"uv": [0, 4, 2, 8], "texture": "#0"},
				"south": {"uv": [12, 6, 16, 8.5], "texture": "#0"},
				"west": {"uv": [4, 4, 6, 8], "texture": "#0"},
				"up": {"uv": [2, 0, 4, 4], "rotation": 180, "texture": "#0"},
				"down": {"uv": [4, 0, 6, 4], "texture": "#0"}
			}
		},
		{
			"from": [4.5, 6.625, 4.25],
			"to": [11.5, 11, 4.25],
			"rotation": {"angle": 0, "axis": "y", "origin": [12, 15, 20]},
			"faces": {
				"north": {"uv": [8, 6, 12, 8.5], "texture": "#0"},
				"east": {"uv": [0, 4, 2, 8], "texture": "#0"},
				"south": {"uv": [12, 6, 8, 8.5], "texture": "#0"},
				"west": {"uv": [4, 4, 6, 8], "texture": "#0"},
				"up": {"uv": [2, 0, 4, 4], "rotation": 180, "texture": "#0"},
				"down": {"uv": [4, 0, 6, 4], "texture": "#0"}
			}
		},
		{
			"from": [4, 11, 4],
			"to": [12, 19, 12],
			"rotation": {"angle": 0, "axis": "y", "origin": [12, 15, 12]},
			"faces": {
				"north": {"uv": [4, 0, 8, 4], "texture": "#0"},
				"east": {"uv": [0, 0, 4, 4], "texture": "#0"},
				"south": {"uv": [12, 0, 16, 4], "texture": "#0"},
				"west": {"uv": [8, 0, 12, 4], "texture": "#0"},
				"up": {"uv": [0, 6, 4, 10], "rotation": 180, "texture": "#0"},
				"down": {"uv": [4, 6, 8, 10], "texture": "#0"}
			}
		}
	],
	"display": {
		"thirdperson_righthand": {
			"rotation": [-9, 6, 0],
			"translation": [0, -3, 2]
		},
		"thirdperson_lefthand": {
			"rotation": [-9, 6, 0],
			"translation": [0, -3, 2]
		},
		"firstperson_righthand": {
			"rotation": [-18, 25, -2],
			"translation": [1.75, -3.75, 0]
		},
		"firstperson_lefthand": {
			"rotation": [-18, 25, -2],
			"translation": [1.75, -3.75, 0]
		},
		"ground": {
			"translation": [0, -1.5, 0]
		},
		"gui": {
			"rotation": [30, 135, 0],
			"translation": [0, -3.75, 0],
			"scale": [0.9, 0.9, 0.9]
		},
		"head": {
			"translation": [0, -4, 0],
			"scale": [1.9, 1.9, 1.9]
		},
		"fixed": {
			"rotation": [90, 0, 0],
			"translation": [0, 0, -22],
			"scale": [2, 2, 2]
		}
	}
}