{
	"credit": "Made with Blockbench",
	"texture_size": [32, 32],
	"textures": {
		"0": "./budenovka",
		"particle": "./budenovka"
	},
	"elements": [
		{
			"from": [4, 7, 4],
			"to": [12, 10, 12],
			"rotation": {"angle": 0, "axis": "y", "origin": [12, 15, 12]},
			"faces": {
				"north": {"uv": [4, 4, 8, 5.5], "texture": "#0"},
				"east": {"uv": [0, 4, 4, 5.5], "texture": "#0"},
				"south": {"uv": [12, 4, 16, 5.5], "texture": "#0"},
				"west": {"uv": [8, 4, 12, 5.5], "texture": "#0"},
				"up": {"uv": [4, 0, 8, 4], "rotation": 180, "texture": "#0"},
				"down": {"uv": [8, 0, 12, 4], "texture": "#0"}
			}
		},
		{
			"from": [6, 10, 6],
			"to": [10, 11, 10],
			"rotation": {"angle": 0, "axis": "y", "origin": [14, 18, 14]},
			"faces": {
				"north": {"uv": [5, 2.5, 7, 3], "texture": "#0"},
				"east": {"uv": [5, 1, 5.5, 3], "rotation": 270, "texture": "#0"},
				"south": {"uv": [7, 1, 5, 1.5], "texture": "#0"},
				"west": {"uv": [6.5, 1, 7, 3], "rotation": 90, "texture": "#0"},
				"up": {"uv": [5, 1, 7, 3], "rotation": 180, "texture": "#0"},
				"down": {"uv": [6, 2.5, 6.5, 3], "texture": "#0"}
			}
		},
		{
			"from": [4, 6, 4],
			"to": [4, 7, 12],
			"rotation": {"angle": 0, "axis": "y", "origin": [12, 13, 12]},
			"faces": {
				"north": {"uv": [4, 4, 8, 5.5], "texture": "#0"},
				"east": {"uv": [0, 5.5, 4, 6], "texture": "#0"},
				"south": {"uv": [12, 4, 16, 5.5], "texture": "#0"},
				"west": {"uv": [8, 5.5, 12, 6], "texture": "#0"},
				"up": {"uv": [4, 0, 8, 4], "rotation": 180, "texture": "#0"},
				"down": {"uv": [6, 2.5, 6.5, 3], "texture": "#0"}
			}
		},
		{
			"from": [12, 6, 4],
			"to": [12, 7, 12],
			"rotation": {"angle": 0, "axis": "y", "origin": [20, 13, 12]},
			"faces": {
				"north": {"uv": [4, 4, 8, 5.5], "texture": "#0"},
				"east": {"uv": [0, 5.5, 4, 6], "texture": "#0"},
				"south": {"uv": [12, 4, 16, 5.5], "texture": "#0"},
				"west": {"uv": [8, 5.5, 12, 6], "texture": "#0"},
				"up": {"uv": [4, 0, 8, 4], "rotation": 180, "texture": "#0"},
				"down": {"uv": [6, 2.5, 6.5, 3], "texture": "#0"}
			}
		},
		{
			"from": [4, 7, 2],
			"to": [12, 7, 4],
			"rotation": {"angle": 0, "axis": "y", "origin": [12, 15, 10]},
			"faces": {
				"north": {"uv": [4, 4, 8, 5.5], "texture": "#0"},
				"east": {"uv": [0, 4, 4, 5.5], "texture": "#0"},
				"south": {"uv": [12, 4, 16, 5.5], "texture": "#0"},
				"west": {"uv": [8, 4, 12, 5.5], "texture": "#0"},
				"up": {"uv": [0, 0, 4, 1], "rotation": 180, "texture": "#0"},
				"down": {"uv": [0, 0, 4, 1], "texture": "#0"}
			}
		},
		{
			"from": [3.5, 6, 7],
			"to": [12.5, 9, 13],
			"rotation": {"angle": 0, "axis": "y", "origin": [11.5, 14, 16]},
			"faces": {
				"north": {"uv": [7.5, 8, 12, 9.5], "texture": "#0"},
				"east": {"uv": [0, 8, 3, 9.5], "texture": "#0"},
				"south": {"uv": [3, 8, 7.5, 9.5], "texture": "#0"},
				"west": {"uv": [0, 8, 3, 9.5], "texture": "#0"},
				"up": {"uv": [3, 9.5, 7.5, 12.5], "rotation": 180, "texture": "#0"},
				"down": {"uv": [7.5, 9.5, 12, 12.5], "texture": "#0"}
			}
		}
	],
	"display": {
		"thirdperson_righthand": {
			"rotation": [20, -180, 0],
			"translation": [0, 1.5, -2.25]
		},
		"thirdperson_lefthand": {
			"rotation": [20, -180, 0],
			"translation": [0, 1.5, -2.25]
		},
		"firstperson_righthand": {
			"rotation": [-27, 0, 0]
		},
		"firstperson_lefthand": {
			"rotation": [-27, 0, 0]
		},
		"ground": {
			"translation": [0, -3.25, 0]
		},
		"gui": {
			"rotation": [30, 132, 0]
		},
		"head": {
			"translation": [0, 3.5, 0],
			"scale": [1.9, 1.9, 1.9]
		},
		"fixed": {
			"rotation": [-90, 0, 0],
			"translation": [0, 0, -3.25],
			"scale": [1.58, 1.58, 1.58]
		}
	}
}